Commodity,Price,Date,Log_Price,Low_Temp,Hi_Temp,Precip_Type,Snow_Amt,Low_Temp_Chicago,Hi_Temp_Chicago,Low_Temp_Indy,Hi_Temp_Indy
"Natural Gas, Panhandle East, $ per MMBtu-I",2.27,2015-10-01,0.8197798314933114,50.11,72.88,rain,,52.42,58.41,50.78,64.21
"Natural Gas, Panhandle East, $ per MMBtu-I",2.09,2015-10-02,0.7371640659767196,47.91,69.47,,,49.95,59.85,47.2,61.58
"Natural Gas, Panhandle East, $ per MMBtu-I",2.14,2015-10-05,0.7608058290337602,56.29,62.43,rain,,56.8,59.51,56.64,75.7
"Natural Gas, Panhandle East, $ per MMBtu-I",2.16,2015-10-06,0.7701082216960737,53.57,78.17,,,57.5,66.11,56.14,74.76
"Natural Gas, Panhandle East, $ per MMBtu-I",2.2,2015-10-07,0.7884573603642703,56.13,77.33,,,53.35,69.19,56.67,76.69
"Natural Gas, Panhandle East, $ per MMBtu-I",2.22,2015-10-08,0.7975071958841882,55.69,86.09,rain,,55.6,77.05,62.09,77.02
"Natural Gas, Panhandle East, $ per MMBtu-I",2.12,2015-10-09,0.7514160886839212,48.62,69.89,rain,,44.35,59.27,43.31,63.83
"Natural Gas, Panhandle East, $ per MMBtu-I",2.28,2015-10-12,0.8241754429663494,44.7,78.63,,,50.61,74.68,52.96,76.89
"Natural Gas, Panhandle East, $ per MMBtu-I",2.25,2015-10-13,0.8109302162163288,56.42,86.53,,,44.2,61.83,43.71,64.12
"Natural Gas, Panhandle East, $ per MMBtu-I",2.29,2015-10-14,0.8285518175661483,54.87,82.13,,,48.86,63.15,39.27,66.17
"Natural Gas, Panhandle East, $ per MMBtu-I",2.38,2015-10-15,0.8671004876833833,45.29,81.6,,,43.76,68.3,40.29,71.51
"Natural Gas, Panhandle East, $ per MMBtu-I",2.19,2015-10-16,0.7839015438284094,51.87,66.97,,,35.84,53.96,33.81,61.1
"Natural Gas, Panhandle East, $ per MMBtu-I",2.21,2015-10-19,0.7929925155296614,60.47,79.05,,,56.52,72.36,47.29,68.05
"Natural Gas, Panhandle East, $ per MMBtu-I",2.21,2015-10-20,0.7929925155296614,58.23,82.37,,,57.54,74.69,50.5,73.17
"Natural Gas, Panhandle East, $ per MMBtu-I",2.15,2015-10-21,0.7654678421395714,59.89,79.42,,,54.82,74.68,58.41,75.2
"Natural Gas, Panhandle East, $ per MMBtu-I",2.14,2015-10-22,0.7608058290337602,62.55,72.8,rain,,52.6,60.48,51.97,80.05
"Natural Gas, Panhandle East, $ per MMBtu-I",2.11,2015-10-23,0.7466879474879751,48.83,76.58,,,59.05,61.3,63.12,74.2
"Natural Gas, Panhandle East, $ per MMBtu-I",2.04,2015-10-26,0.712949807856125,45.38,64.62,,,52.24,59.57,47.51,64.24
"Natural Gas, Panhandle East, $ per MMBtu-I",2.01,2015-10-27,0.6981347220709843,49.01,66.51,rain,,51.23,56.2,52.49,53.49
"Natural Gas, Panhandle East, $ per MMBtu-I",2.0,2015-10-28,0.6931471805599453,35.52,65.59,,,37.34,56.39,39.79,61.51
"Natural Gas, Panhandle East, $ per MMBtu-I",2.07,2015-10-29,0.7275486072772777,36.06,55.26,,,38.08,46.77,43.75,49.4
"Natural Gas, Panhandle East, $ per MMBtu-I",1.7,2015-10-30,0.5306282510621704,48.16,53.17,rain,,45.89,56.55,44.08,51.0
"Natural Gas, Panhandle East, $ per MMBtu-I",1.63,2015-11-02,0.4885800148186709,53.2,73.08,,,48.93,73.14,41.94,71.75
"Natural Gas, Panhandle East, $ per MMBtu-I",1.69,2015-11-03,0.5247285289349821,59.27,75.08,,,52.27,71.33,48.42,73.79
"Natural Gas, Panhandle East, $ per MMBtu-I",1.86,2015-11-04,0.62057648772511,62.47,69.9,,,61.17,72.41,60.0,76.31
"Natural Gas, Panhandle East, $ per MMBtu-I",1.99,2015-11-05,0.688134638736401,36.18,74.86,rain,,45.68,70.34,62.89,73.93
"Natural Gas, Panhandle East, $ per MMBtu-I",1.92,2015-11-06,0.6523251860396901,38.89,62.37,,,38.36,51.73,39.88,63.98
"Natural Gas, Panhandle East, $ per MMBtu-I",1.94,2015-11-09,0.6626879730752367,48.09,64.91,,,38.5,54.77,43.74,57.65
"Natural Gas, Panhandle East, $ per MMBtu-I",1.96,2015-11-10,0.6729444732424258,58.26,70.84,,,42.49,55.87,35.73,54.76
"Natural Gas, Panhandle East, $ per MMBtu-I",1.92,2015-11-11,0.6523251860396901,39.52,64.8,,,43.07,62.83,48.43,62.37
"Natural Gas, Panhandle East, $ per MMBtu-I",1.92,2015-11-12,0.6523251860396901,30.23,61.91,,,36.49,47.48,38.72,51.24
"Natural Gas, Panhandle East, $ per MMBtu-I",1.89,2015-11-13,0.636576829071551,38.13,65.01,,,29.68,46.81,27.04,49.67
"Natural Gas, Panhandle East, $ per MMBtu-I",1.99,2015-11-16,0.688134638736401,55.63,60.47,rain,,47.86,57.5,45.47,56.32
"Natural Gas, Panhandle East, $ per MMBtu-I",1.91,2015-11-17,0.6471032420585384,38.28,58.9,rain,,57.84,58.19,57.97,58.58
"Natural Gas, Panhandle East, $ per MMBtu-I",2.02,2015-11-18,0.7030975114131134,32.28,63.42,rain,,42.25,61.7,46.48,61.53
"Natural Gas, Panhandle East, $ per MMBtu-I",2.08,2015-11-19,0.7323678937132266,34.91,51.52,,,32.69,43.13,30.44,51.5
"Natural Gas, Panhandle East, $ per MMBtu-I",2.17,2015-11-20,0.7747271675523681,31.35,61.19,,,33.2,41.73,40.18,49.92
"Natural Gas, Panhandle East, $ per MMBtu-I",2.06,2015-11-23,0.7227059828014898,40.17,62.96,,,27.71,39.42,27.67,44.97
"Natural Gas, Panhandle East, $ per MMBtu-I",1.96,2015-11-24,0.6729444732424258,54.32,61.6,,,38.94,44.9,37.77,53.09
"Natural Gas, Panhandle East, $ per MMBtu-I",1.91,2015-11-25,0.6471032420585384,40.84,66.59,,,49.55,51.37,50.96,57.71
"Natural Gas, Panhandle East, $ per MMBtu-I",2.11,2015-11-30,0.7466879474879751,27.59,37.58,rain,,41.5,44.76,45.8,49.98
"Natural Gas, Panhandle East, $ per MMBtu-I",2.1,2015-12-01,0.7419373447293773,30.43,46.79,rain,,32.08,42.97,29.11,47.68
"Natural Gas, Panhandle East, $ per MMBtu-I",2.1,2015-12-02,0.7419373447293773,24.4,51.13,,,31.15,35.08,27.54,37.09
"Natural Gas, Panhandle East, $ per MMBtu-I",2.02,2015-12-03,0.7030975114131134,31.04,53.23,,,32.47,35.37,29.09,36.77
"Natural Gas, Panhandle East, $ per MMBtu-I",2.0,2015-12-04,0.6931471805599453,37.79,57.55,,,30.18,47.3,27.99,37.78
"Natural Gas, Panhandle East, $ per MMBtu-I",1.89,2015-12-07,0.636576829071551,33.39,57.11,,,37.42,38.18,36.95,43.22
"Natural Gas, Panhandle East, $ per MMBtu-I",1.86,2015-12-08,0.62057648772511,34.79,61.59,,,42.53,46.29,43.7,54.55
"Natural Gas, Panhandle East, $ per MMBtu-I",1.86,2015-12-09,0.62057648772511,43.71,66.41,,,42.52,53.84,40.07,55.69
"Natural Gas, Panhandle East, $ per MMBtu-I",1.77,2015-12-10,0.5709795465857378,43.17,63.98,,,43.84,57.92,42.42,55.79
"Natural Gas, Panhandle East, $ per MMBtu-I",1.51,2015-12-11,0.412109650826833,38.92,66.07,,,49.57,52.91,56.46,56.22
"Natural Gas, Panhandle East, $ per MMBtu-I",1.44,2015-12-14,0.36464311358790924,35.54,49.58,rain,,40.27,55.71,39.77,56.45
"Natural Gas, Panhandle East, $ per MMBtu-I",1.46,2015-12-15,0.37843643572024505,28.36,56.89,,,40.8,41.45,36.98,42.95
"Natural Gas, Panhandle East, $ per MMBtu-I",1.65,2015-12-16,0.5007752879124892,26.15,43.29,,,30.9,52.86,31.43,53.97
"Natural Gas, Panhandle East, $ per MMBtu-I",1.7,2015-12-17,0.5306282510621704,19.23,31.26,,,26.57,34.28,28.87,33.32
"Natural Gas, Panhandle East, $ per MMBtu-I",1.65,2015-12-18,0.5007752879124892,27.87,43.58,,,16.59,32.17,21.55,32.38
"Natural Gas, Panhandle East, $ per MMBtu-I",1.71,2015-12-21,0.5364933705145685,30.46,40.14,,,38.14,52.78,46.66,52.65
"Natural Gas, Panhandle East, $ per MMBtu-I",1.62,2015-12-22,0.4824261492442928,42.68,55.49,,,37.93,39.12,44.68,50.57
"Natural Gas, Panhandle East, $ per MMBtu-I",1.52,2015-12-23,0.41871033485818504,35.32,50.24,,,35.27,58.45,37.56,63.64
"Natural Gas, Panhandle East, $ per MMBtu-I",1.43,2015-12-24,0.3576744442718159,26.1,48.56,,,35.38,41.85,43.45,50.02
"Natural Gas, Panhandle East, $ per MMBtu-I",2.37,2015-12-28,0.8628899551470398,19.29,26.19,,,33.61,35.7,37.3,44.24
"Natural Gas, Panhandle East, $ per MMBtu-I",2.29,2015-12-30,0.8285518175661483,26.71,32.47,snow,0.044,25.11,30.2,29.48,35.88
"Natural Gas, Panhandle East, $ per MMBtu-I",2.31,2015-12-31,0.8372475245337022,20.31,38.69,snow,0.009,19.76,28.44,25.24,31.24
"Natural Gas, Panhandle East, $ per MMBtu-I",2.34,2016-01-04,0.85015092936961,19.89,29.86,,,20.12,30.85,18.89,34.1
"Natural Gas, Panhandle East, $ per MMBtu-I",2.22,2016-01-05,0.7975071958841882,33.14,38.22,,,25.38,34.0,20.28,32.9
"Natural Gas, Panhandle East, $ per MMBtu-I",2.26,2016-01-06,0.8153648132841944,38.96,39.38,rain,,35.41,37.79,27.58,41.43
"Natural Gas, Panhandle East, $ per MMBtu-I",2.23,2016-01-07,0.8020015854720274,34.11,43.12,rain,,39.07,41.44,39.14,48.63
"Natural Gas, Panhandle East, $ per MMBtu-I",2.45,2016-01-08,0.8960880245566357,25.63,35.66,rain,,37.7,43.75,43.64,48.68
"Natural Gas, Panhandle East, $ per MMBtu-I",2.45,2016-01-11,0.8960880245566357,26.31,46.74,,,7.92,21.51,23.29,22.51
"Natural Gas, Panhandle East, $ per MMBtu-I",2.24,2016-01-12,0.8064758658669485,22.76,40.94,,,1.69,12.22,1.97,27.86
"Natural Gas, Panhandle East, $ per MMBtu-I",2.13,2016-01-13,0.7561219797213337,30.58,55.73,,,23.65,22.85,20.57,20.76
"Natural Gas, Panhandle East, $ per MMBtu-I",2.09,2016-01-14,0.7371640659767196,32.98,55.37,,,41.13,44.52,41.05,49.71
"Natural Gas, Panhandle East, $ per MMBtu-I",2.17,2016-01-15,0.7747271675523681,24.33,43.04,,,26.29,41.32,30.61,44.15
"Natural Gas, Panhandle East, $ per MMBtu-I",2.14,2016-01-19,0.7608058290337602,23.27,28.49,,,14.81,17.9,14.95,19.26
"Natural Gas, Panhandle East, $ per MMBtu-I",2.06,2016-01-20,0.7227059828014898,26.87,28.09,,,15.73,23.42,12.78,22.26
"Natural Gas, Panhandle East, $ per MMBtu-I",2.1,2016-01-21,0.7419373447293773,25.86,30.42,,,21.9,28.75,19.31,26.17
"Natural Gas, Panhandle East, $ per MMBtu-I",2.03,2016-01-22,0.7080357930536959,22.76,27.98,,,26.95,30.2,20.01,27.59
"Natural Gas, Panhandle East, $ per MMBtu-I",2.03,2016-01-25,0.7080357930536959,24.22,39.01,,,31.11,40.54,33.46,44.19
"Natural Gas, Panhandle East, $ per MMBtu-I",2.07,2016-01-26,0.7275486072772777,22.75,46.37,,,25.34,31.69,27.2,33.92
"Natural Gas, Panhandle East, $ per MMBtu-I",2.05,2016-01-27,0.7178397931503168,30.56,54.24,,,32.7,33.89,25.82,29.98
"Natural Gas, Panhandle East, $ per MMBtu-I",1.92,2016-01-28,0.6523251860396901,33.7,59.16,,,22.71,39.88,28.05,46.1
"Natural Gas, Panhandle East, $ per MMBtu-I",2.15,2016-01-29,0.7654678421395714,30.67,67.34,,,33.52,34.28,32.75,38.89
"Natural Gas, Panhandle East, $ per MMBtu-I",2.04,2016-02-01,0.712949807856125,35.95,52.14,rain,,32.76,45.64,30.92,47.77
"Natural Gas, Panhandle East, $ per MMBtu-I",1.9,2016-02-02,0.6418538861723947,25.19,41.39,rain,,35.94,37.89,46.37,58.71
"Natural Gas, Panhandle East, $ per MMBtu-I",1.93,2016-02-03,0.6575200029167941,20.06,38.0,,,21.2,37.31,28.07,48.54
"Natural Gas, Panhandle East, $ per MMBtu-I",1.9,2016-02-04,0.6418538861723947,25.12,47.99,,,28.0,32.14,20.23,30.92
"Natural Gas, Panhandle East, $ per MMBtu-I",1.93,2016-02-05,0.6575200029167941,24.98,49.03,,,26.3,33.15,20.39,40.63
"Natural Gas, Panhandle East, $ per MMBtu-I",2.1,2016-02-08,0.7419373447293773,29.03,42.79,,,16.9,31.66,20.43,37.07
"Natural Gas, Panhandle East, $ per MMBtu-I",2.03,2016-02-09,0.7080357930536959,25.52,39.72,,,10.41,19.28,12.55,23.46
"Natural Gas, Panhandle East, $ per MMBtu-I",1.98,2016-02-10,0.6830968447064438,27.19,70.24,,,8.92,18.18,10.83,16.98
"Natural Gas, Panhandle East, $ per MMBtu-I",1.95,2016-02-11,0.6678293725756554,30.23,47.6,,,17.85,22.27,19.01,25.7
"Natural Gas, Panhandle East, $ per MMBtu-I",1.81,2016-02-12,0.5933268452777344,21.2,40.14,,,4.03,23.01,7.69,26.04
"Natural Gas, Panhandle East, $ per MMBtu-I",1.66,2016-02-16,0.5068176023684519,31.77,53.5,rain,,25.74,33.8,29.74,35.89
"Natural Gas, Panhandle East, $ per MMBtu-I",1.65,2016-02-17,0.5007752879124892,49.84,67.36,,,25.15,32.35,28.98,37.47
"Natural Gas, Panhandle East, $ per MMBtu-I",1.62,2016-02-18,0.4824261492442928,55.31,75.8,,,39.77,41.59,39.11,43.94
"Natural Gas, Panhandle East, $ per MMBtu-I",1.59,2016-02-19,0.4637340162321402,42.39,70.29,,,43.42,62.54,45.52,61.29
"Natural Gas, Panhandle East, $ per MMBtu-I",1.64,2016-02-22,0.494696241836107,36.13,55.59,,,30.44,42.73,29.64,49.27
"Natural Gas, Panhandle East, $ per MMBtu-I",1.63,2016-02-23,0.4885800148186709,26.59,51.18,,,35.92,43.48,34.1,51.56
"Natural Gas, Panhandle East, $ per MMBtu-I",1.61,2016-02-24,0.4762341789963717,29.04,55.61,,,31.57,35.99,32.22,35.93
"Natural Gas, Panhandle East, $ per MMBtu-I",1.56,2016-02-25,0.44468582126144574,23.32,43.72,,,28.21,36.06,30.46,34.35
"Natural Gas, Panhandle East, $ per MMBtu-I",1.44,2016-02-26,0.36464311358790924,29.35,63.28,,,29.15,33.89,27.21,37.71
"Natural Gas, Panhandle East, $ per MMBtu-I",1.44,2016-02-29,0.36464311358790924,31.45,70.56,,,29.1,52.66,38.13,55.34
"Natural Gas, Panhandle East, $ per MMBtu-I",1.43,2016-03-01,0.3576744442718159,32.8,52.68,,,14.81,30.96,20.14,47.21
"Natural Gas, Panhandle East, $ per MMBtu-I",1.44,2016-03-02,0.36464311358790924,41.37,66.9,,,28.99,32.61,29.31,37.06
"Natural Gas, Panhandle East, $ per MMBtu-I",1.32,2016-03-04,0.27763173659827955,32.3,71.54,,,29.16,37.71,31.66,37.75
"Natural Gas, Panhandle East, $ per MMBtu-I",1.38,2016-03-07,0.3220834991691132,57.81,70.91,,,58.58,61.52,53.08,66.55
"Natural Gas, Panhandle East, $ per MMBtu-I",1.39,2016-03-08,0.3293037471426003,41.05,57.9,rain,,58.89,70.08,59.79,72.52
"Natural Gas, Panhandle East, $ per MMBtu-I",1.42,2016-03-09,0.35065687161316933,37.5,64.97,,,44.7,64.11,56.74,67.07
"Natural Gas, Panhandle East, $ per MMBtu-I",1.5,2016-03-10,0.4054651081081644,38.22,69.97,,,35.77,48.69,39.91,58.27
"Natural Gas, Panhandle East, $ per MMBtu-I",1.51,2016-03-11,0.412109650826833,50.41,70.36,,,37.08,51.15,44.52,58.4
"Natural Gas, Panhandle East, $ per MMBtu-I",1.45,2016-03-14,0.371563556432483,49.82,77.24,rain,,44.29,51.02,53.81,60.86
"Natural Gas, Panhandle East, $ per MMBtu-I",1.54,2016-03-15,0.43178241642553783,36.25,64.53,,,48.73,58.37,51.08,73.06
"Natural Gas, Panhandle East, $ per MMBtu-I",1.55,2016-03-16,0.4382549309311553,36.04,61.17,,,43.3,56.55,41.57,60.93
"Natural Gas, Panhandle East, $ per MMBtu-I",1.64,2016-03-17,0.494696241836107,41.1,64.88,,,34.43,55.65,40.9,60.18
"Natural Gas, Panhandle East, $ per MMBtu-I",1.64,2016-03-18,0.494696241836107,25.0,43.37,rain,,35.32,45.71,40.16,54.79
"Natural Gas, Panhandle East, $ per MMBtu-I",1.61,2016-03-21,0.4762341789963717,48.97,68.79,,,41.77,46.54,39.98,50.56
"Natural Gas, Panhandle East, $ per MMBtu-I",1.59,2016-03-22,0.4637340162321402,58.22,75.8,,,38.76,64.77,54.82,66.08
"Natural Gas, Panhandle East, $ per MMBtu-I",1.61,2016-03-23,0.4762341789963717,33.91,74.79,,,38.57,43.28,59.4,62.17
"Natural Gas, Panhandle East, $ per MMBtu-I",1.54,2016-03-24,0.43178241642553783,28.56,54.25,,,30.98,40.09,34.14,62.22
"Natural Gas, Panhandle East, $ per MMBtu-I",1.57,2016-03-28,0.45107561936021673,47.39,66.04,,,34.4,49.74,32.35,49.85
"Natural Gas, Panhandle East, $ per MMBtu-I",1.55,2016-03-29,0.4382549309311553,61.48,66.45,,,45.38,56.07,41.41,56.92
"Natural Gas, Panhandle East, $ per MMBtu-I",1.66,2016-03-30,0.5068176023684519,45.87,78.56,,,56.62,60.29,55.44,70.12
"Natural Gas, Panhandle East, $ per MMBtu-I",1.72,2016-03-31,0.5423242908253617,32.45,61.23,,,40.02,66.07,42.49,65.68
"Natural Gas, Panhandle East, $ per MMBtu-I",1.6,2016-04-01,0.47000362924573563,29.83,54.68,,,32.28,48.06,35.77,53.64
"Natural Gas, Panhandle East, $ per MMBtu-I",1.68,2016-04-04,0.5187937934151675,50.04,75.2,,,28.44,35.11,26.99,54.19
"Natural Gas, Panhandle East, $ per MMBtu-I",1.69,2016-04-05,0.5247285289349821,48.68,83.84,rain,,42.18,44.64,40.19,47.27
"Natural Gas, Panhandle East, $ per MMBtu-I",1.69,2016-04-06,0.5247285289349821,50.01,68.25,rain,,36.99,49.44,41.43,63.29
"Natural Gas, Panhandle East, $ per MMBtu-I",1.75,2016-04-07,0.5596157879354227,36.11,69.31,,,35.36,40.43,31.16,42.82
"Natural Gas, Panhandle East, $ per MMBtu-I",1.76,2016-04-08,0.5653138090500605,40.97,71.51,,,23.95,40.4,28.85,41.99
"Natural Gas, Panhandle East, $ per MMBtu-I",1.69,2016-04-11,0.5247285289349821,37.6,57.4,rain,,33.42,50.56,33.87,54.76
"Natural Gas, Panhandle East, $ per MMBtu-I",1.75,2016-04-12,0.5596157879354227,44.46,66.34,,,36.92,44.42,34.79,52.06
"Natural Gas, Panhandle East, $ per MMBtu-I",1.72,2016-04-13,0.5423242908253617,42.47,67.6,,,40.4,52.91,37.57,58.98
"Natural Gas, Panhandle East, $ per MMBtu-I",1.63,2016-04-14,0.4885800148186709,50.68,71.26,,,43.84,58.57,40.65,66.53
"Natural Gas, Panhandle East, $ per MMBtu-I",1.52,2016-04-15,0.41871033485818504,60.06,74.3,,,47.13,64.23,49.3,75.48
"Natural Gas, Panhandle East, $ per MMBtu-I",1.54,2016-04-18,0.43178241642553783,43.84,59.08,rain,,45.14,79.43,53.47,83.24
"Natural Gas, Panhandle East, $ per MMBtu-I",1.75,2016-04-19,0.5596157879354227,50.08,66.69,rain,,51.32,55.36,53.44,80.75
"Natural Gas, Panhandle East, $ per MMBtu-I",1.83,2016-04-20,0.6043159668533296,45.34,67.15,rain,,57.71,68.92,58.52,79.56
"Natural Gas, Panhandle East, $ per MMBtu-I",1.77,2016-04-21,0.5709795465857378,49.09,71.34,rain,,43.39,68.64,53.48,67.78
"Natural Gas, Panhandle East, $ per MMBtu-I",1.68,2016-04-22,0.5187937934151675,49.78,72.24,,,40.49,48.24,48.71,65.67
"Natural Gas, Panhandle East, $ per MMBtu-I",1.8,2016-04-25,0.5877866649021191,68.3,79.01,,,43.44,82.47,66.75,80.17
"Natural Gas, Panhandle East, $ per MMBtu-I",1.71,2016-04-26,0.5364933705145685,54.3,81.76,rain,,42.29,46.39,48.99,80.39
"Natural Gas, Panhandle East, $ per MMBtu-I",1.73,2016-04-27,0.5481214085096876,45.1,63.69,rain,,43.58,47.56,50.41,60.27
"Natural Gas, Panhandle East, $ per MMBtu-I",1.78,2016-04-28,0.5766133643039938,47.49,64.33,rain,,42.96,47.99,51.06,71.84
"Natural Gas, Panhandle East, $ per MMBtu-I",1.78,2016-04-29,0.5766133643039938,47.67,51.48,rain,,43.17,47.72,51.73,63.63
"Natural Gas, Panhandle East, $ per MMBtu-I",1.77,2016-05-02,0.5709795465857378,40.77,63.39,,,41.15,55.42,50.7,56.47
"Natural Gas, Panhandle East, $ per MMBtu-I",1.89,2016-05-03,0.636576829071551,49.08,71.01,,,45.5,66.15,51.22,61.96
"Natural Gas, Panhandle East, $ per MMBtu-I",1.92,2016-05-04,0.6523251860396901,44.1,72.6,,,41.56,49.43,41.87,55.48
"Natural Gas, Panhandle East, $ per MMBtu-I",1.89,2016-05-05,0.636576829071551,49.46,79.38,,,44.56,57.09,43.05,62.63
"Natural Gas, Panhandle East, $ per MMBtu-I",1.69,2016-05-06,0.5247285289349821,55.03,82.44,,,65.33,82.79,56.36,71.8
"Natural Gas, Panhandle East, $ per MMBtu-I",1.82,2016-05-09,0.598836501088704,50.59,78.28,rain,,50.16,56.64,58.86,60.55
"Natural Gas, Panhandle East, $ per MMBtu-I",1.88,2016-05-10,0.6312717768418578,56.23,84.27,,,52.71,63.23,60.66,72.5
"Natural Gas, Panhandle East, $ per MMBtu-I",1.83,2016-05-11,0.6043159668533296,51.36,73.02,,,53.74,66.79,62.08,80.72
"Natural Gas, Panhandle East, $ per MMBtu-I",1.9,2016-05-12,0.6418538861723947,52.65,75.78,,,49.38,69.79,50.87,75.72
"Natural Gas, Panhandle East, $ per MMBtu-I",1.78,2016-05-13,0.5766133643039938,43.33,82.9,rain,,42.37,66.96,45.19,68.45
"Natural Gas, Panhandle East, $ per MMBtu-I",1.78,2016-05-16,0.5766133643039938,50.3,59.05,rain,,48.6,69.29,50.31,62.69
"Natural Gas, Panhandle East, $ per MMBtu-I",1.8,2016-05-17,0.5877866649021191,42.8,60.59,rain,,44.26,53.53,52.12,57.43
"Natural Gas, Panhandle East, $ per MMBtu-I",1.73,2016-05-18,0.5481214085096876,47.24,65.79,rain,,42.42,60.3,42.54,67.85
"Natural Gas, Panhandle East, $ per MMBtu-I",1.62,2016-05-19,0.4824261492442928,54.19,58.99,rain,,49.81,66.88,55.14,70.62
"Natural Gas, Panhandle East, $ per MMBtu-I",1.59,2016-05-20,0.4637340162321402,57.17,68.73,rain,,54.24,65.91,55.61,67.92
"Natural Gas, Panhandle East, $ per MMBtu-I",1.78,2016-05-23,0.5766133643039938,65.05,73.31,rain,,62.87,80.76,50.78,78.46
"Natural Gas, Panhandle East, $ per MMBtu-I",1.73,2016-05-24,0.5481214085096876,61.63,81.47,rain,,67.66,87.93,64.82,83.42
"Natural Gas, Panhandle East, $ per MMBtu-I",1.62,2016-05-25,0.4824261492442928,70.31,89.89,rain,,63.86,85.6,67.31,84.53
"Natural Gas, Panhandle East, $ per MMBtu-I",1.65,2016-05-26,0.5007752879124892,58.33,82.43,rain,,67.91,84.76,65.16,77.7
"Natural Gas, Panhandle East, $ per MMBtu-I",1.67,2016-05-27,0.5128236264286637,56.79,75.36,rain,,69.02,81.51,71.79,85.36
"Natural Gas, Panhandle East, $ per MMBtu-I",1.91,2016-05-31,0.6471032420585384,60.28,77.24,rain,,63.47,81.4,63.86,86.59
"Natural Gas, Panhandle East, $ per MMBtu-I",2.05,2016-06-01,0.7178397931503168,60.6,78.18,rain,,60.78,78.89,66.13,84.8
"Natural Gas, Panhandle East, $ per MMBtu-I",2.07,2016-06-02,0.7275486072772777,57.65,82.57,rain,,57.96,79.35,60.65,82.48
"Natural Gas, Panhandle East, $ per MMBtu-I",2.05,2016-06-03,0.7178397931503168,64.15,85.93,,,66.93,81.29,64.33,82.68
"Natural Gas, Panhandle East, $ per MMBtu-I",2.07,2016-06-06,0.7275486072772777,64.92,91.13,,,56.96,81.49,58.06,83.86
"Natural Gas, Panhandle East, $ per MMBtu-I",2.11,2016-06-07,0.7466879474879751,64.78,85.36,,,52.9,64.42,51.74,71.71
"Natural Gas, Panhandle East, $ per MMBtu-I",2.15,2016-06-08,0.7654678421395714,70.45,94.35,,,56.02,66.03,52.49,76.02
"Natural Gas, Panhandle East, $ per MMBtu-I",2.13,2016-06-09,0.7561219797213337,72.38,91.96,,,63.73,70.97,68.15,82.07
"Natural Gas, Panhandle East, $ per MMBtu-I",2.17,2016-06-10,0.7747271675523681,71.92,93.16,,,73.68,91.97,71.02,89.51
"Natural Gas, Panhandle East, $ per MMBtu-I",2.2,2016-06-13,0.7884573603642703,71.9,89.21,,,65.47,84.53,69.75,89.71
"Natural Gas, Panhandle East, $ per MMBtu-I",2.19,2016-06-14,0.7839015438284094,68.96,93.33,,,68.67,82.78,68.32,77.14
"Natural Gas, Panhandle East, $ per MMBtu-I",2.26,2016-06-15,0.8153648132841944,69.17,101.49,rain,,70.08,87.92,67.66,89.16
"Natural Gas, Panhandle East, $ per MMBtu-I",2.33,2016-06-16,0.8458682675776092,76.51,97.42,rain,,61.13,71.57,63.86,82.62
"Natural Gas, Panhandle East, $ per MMBtu-I",2.44,2016-06-17,0.8919980393051105,67.18,97.22,,,61.46,81.47,63.81,85.64
"Natural Gas, Panhandle East, $ per MMBtu-I",2.55,2016-06-20,0.9360933591703348,73.29,94.87,,,65.66,91.57,71.91,89.66
"Natural Gas, Panhandle East, $ per MMBtu-I",2.59,2016-06-21,0.9516578757114463,74.76,96.83,,,69.0,81.81,65.3,83.74
"Natural Gas, Panhandle East, $ per MMBtu-I",2.61,2016-06-22,0.959350221334602,75.69,100.71,,,67.29,75.04,70.61,80.32
"Natural Gas, Panhandle East, $ per MMBtu-I",2.5,2016-06-23,0.9162907318741551,71.74,88.57,rain,,64.89,75.07,68.58,89.11
"Natural Gas, Panhandle East, $ per MMBtu-I",2.47,2016-06-24,0.9042181506398859,73.58,90.73,rain,,67.46,80.52,65.11,83.82
"Natural Gas, Panhandle East, $ per MMBtu-I",2.59,2016-06-27,0.9516578757114463,70.08,91.78,rain,,63.36,89.55,65.8,90.63
"Natural Gas, Panhandle East, $ per MMBtu-I",2.65,2016-06-28,0.9745596399981308,69.03,88.16,,,56.9,68.36,54.9,77.58
"Natural Gas, Panhandle East, $ per MMBtu-I",2.78,2016-06-29,1.0224509277025455,70.39,92.73,,,61.1,76.07,56.43,78.03
"Natural Gas, Panhandle East, $ per MMBtu-I",2.7,2016-06-30,0.9932517730102834,71.72,91.59,,,64.26,77.45,69.07,79.56
"Natural Gas, Panhandle East, $ per MMBtu-I",2.6,2016-07-01,0.9555114450274363,67.14,78.19,rain,,57.69,69.81,51.99,79.17
"Natural Gas, Panhandle East, $ per MMBtu-I",2.59,2016-07-05,0.9516578757114463,68.03,95.0,,,68.57,86.6,70.82,84.0
"Natural Gas, Panhandle East, $ per MMBtu-I",2.48,2016-07-06,0.9082585601768908,76.52,95.09,rain,,71.78,88.08,70.41,82.96
"Natural Gas, Panhandle East, $ per MMBtu-I",2.52,2016-07-07,0.9242589015233319,74.47,98.07,,,69.2,81.3,70.21,80.34
"Natural Gas, Panhandle East, $ per MMBtu-I",2.5,2016-07-08,0.9162907318741551,73.6,89.84,,,66.6,86.55,66.09,87.78
"Natural Gas, Panhandle East, $ per MMBtu-I",2.58,2016-07-11,0.9477893989335261,69.96,91.07,,,75.09,90.37,68.38,87.35
"Natural Gas, Panhandle East, $ per MMBtu-I",2.52,2016-07-12,0.9242589015233319,74.78,87.76,rain,,71.39,88.42,71.52,86.21
"Natural Gas, Panhandle East, $ per MMBtu-I",2.59,2016-07-13,0.9516578757114463,71.77,96.81,rain,,68.56,84.72,67.51,89.35
"Natural Gas, Panhandle East, $ per MMBtu-I",2.58,2016-07-14,0.9477893989335261,65.71,83.49,rain,,66.31,86.56,70.14,87.24
"Natural Gas, Panhandle East, $ per MMBtu-I",2.45,2016-07-15,0.8960880245566357,70.98,86.34,,,61.01,73.72,61.81,85.04
"Natural Gas, Panhandle East, $ per MMBtu-I",2.62,2016-07-18,0.9631743177730056,73.89,97.77,,,68.4,84.9,69.56,80.03
"Natural Gas, Panhandle East, $ per MMBtu-I",2.59,2016-07-19,0.9516578757114463,75.93,95.14,,,71.04,85.83,71.76,88.28
"Natural Gas, Panhandle East, $ per MMBtu-I",2.51,2016-07-20,0.9202827531436925,75.73,98.71,,,74.94,88.12,72.96,87.87
"Natural Gas, Panhandle East, $ per MMBtu-I",2.53,2016-07-21,0.9282193027394288,76.22,101.49,,,71.76,89.45,77.09,89.62
"Natural Gas, Panhandle East, $ per MMBtu-I",2.55,2016-07-22,0.9360933591703348,75.56,103.09,,,78.21,88.76,71.81,89.44
"Natural Gas, Panhandle East, $ per MMBtu-I",2.59,2016-07-25,0.9516578757114463,70.83,82.87,rain,,69.76,85.14,72.54,88.5
"Natural Gas, Panhandle East, $ per MMBtu-I",2.5,2016-07-26,0.9162907318741551,71.39,88.3,,,69.6,85.14,67.44,82.51
"Natural Gas, Panhandle East, $ per MMBtu-I",2.56,2016-07-27,0.9400072584914712,71.94,91.47,,,71.55,88.07,72.19,88.72
"Natural Gas, Panhandle East, $ per MMBtu-I",2.55,2016-07-28,0.9360933591703348,67.74,90.76,rain,,70.47,81.75,69.05,86.29
"Natural Gas, Panhandle East, $ per MMBtu-I",2.71,2016-07-29,0.9969486348916096,69.76,86.2,rain,,69.57,78.42,67.64,84.98
"Natural Gas, Panhandle East, $ per MMBtu-I",2.7,2016-08-01,0.9932517730102834,75.71,99.09,,,69.6,80.77,67.46,84.66
"Natural Gas, Panhandle East, $ per MMBtu-I",2.6,2016-08-02,0.9555114450274363,76.0,92.58,,,71.07,85.26,68.76,88.78
"Natural Gas, Panhandle East, $ per MMBtu-I",2.63,2016-08-03,0.9669838461896731,77.08,100.39,,,71.7,88.6,70.64,90.0
"Natural Gas, Panhandle East, $ per MMBtu-I",2.69,2016-08-04,0.9895411936137477,73.83,95.67,,,74.22,91.18,71.05,88.01
"Natural Gas, Panhandle East, $ per MMBtu-I",2.61,2016-08-05,0.959350221334602,71.27,82.0,rain,,66.95,83.42,71.24,90.06
"Natural Gas, Panhandle East, $ per MMBtu-I",2.62,2016-08-08,0.9631743177730056,73.2,86.64,rain,,69.48,82.27,67.28,85.58
"Natural Gas, Panhandle East, $ per MMBtu-I",2.56,2016-08-09,0.9400072584914712,73.51,92.76,,,71.62,86.23,73.56,89.37
"Natural Gas, Panhandle East, $ per MMBtu-I",2.54,2016-08-10,0.9321640810304452,76.33,93.25,rain,,75.04,88.06,75.53,85.01
"Natural Gas, Panhandle East, $ per MMBtu-I",2.44,2016-08-11,0.8919980393051105,73.01,97.42,rain,,77.85,91.77,76.09,90.7
"Natural Gas, Panhandle East, $ per MMBtu-I",2.48,2016-08-12,0.9082585601768908,65.76,84.26,rain,,74.31,79.37,77.76,88.67
"Natural Gas, Panhandle East, $ per MMBtu-I",2.46,2016-08-15,0.9001613499442714,64.98,86.86,,,71.2,75.98,72.34,77.11
"Natural Gas, Panhandle East, $ per MMBtu-I",2.47,2016-08-16,0.9042181506398859,66.73,92.0,,,69.94,83.16,70.63,78.53
"Natural Gas, Panhandle East, $ per MMBtu-I",2.48,2016-08-17,0.9082585601768908,69.7,91.8,,,70.96,85.95,69.16,82.7
"Natural Gas, Panhandle East, $ per MMBtu-I",2.47,2016-08-18,0.9042181506398859,70.15,87.93,,,69.5,85.05,72.24,84.76
"Natural Gas, Panhandle East, $ per MMBtu-I",2.41,2016-08-19,0.8796267475025636,64.15,89.57,rain,,72.7,83.66,69.48,84.49
"Natural Gas, Panhandle East, $ per MMBtu-I",2.45,2016-08-22,0.8960880245566357,71.58,83.62,,,63.07,78.64,58.41,78.84
"Natural Gas, Panhandle East, $ per MMBtu-I",2.47,2016-08-23,0.9042181506398859,73.73,88.81,,,71.47,81.13,69.32,80.77
"Natural Gas, Panhandle East, $ per MMBtu-I",2.52,2016-08-24,0.9242589015233319,66.52,89.05,rain,,71.72,83.9,74.85,84.16
"Natural Gas, Panhandle East, $ per MMBtu-I",2.62,2016-08-25,0.9631743177730056,66.27,79.49,rain,,66.83,81.7,72.97,88.24
"Natural Gas, Panhandle East, $ per MMBtu-I",2.62,2016-08-26,0.9631743177730056,67.02,82.24,rain,,68.84,78.12,70.25,88.58
"Natural Gas, Panhandle East, $ per MMBtu-I",2.75,2016-08-29,1.0116009116784799,70.72,86.37,,,72.56,85.16,70.56,89.54
"Natural Gas, Panhandle East, $ per MMBtu-I",2.81,2016-08-30,1.0331844833456545,69.48,86.77,rain,,69.5,83.34,70.02,88.94
"Natural Gas, Panhandle East, $ per MMBtu-I",2.74,2016-08-31,1.007957920399979,66.18,79.34,rain,,65.19,75.22,63.93,84.45
"Natural Gas, Panhandle East, $ per MMBtu-I",2.7,2016-09-01,0.9932517730102834,58.65,80.16,rain,,62.88,70.66,59.31,75.68
"Natural Gas, Panhandle East, $ per MMBtu-I",2.54,2016-09-02,0.9321640810304452,60.31,79.6,,,59.81,73.17,57.35,76.56
"Natural Gas, Panhandle East, $ per MMBtu-I",2.6,2016-09-06,0.9555114450274363,75.71,91.31,,,77.49,91.53,71.9,88.64
"Natural Gas, Panhandle East, $ per MMBtu-I",2.6,2016-09-07,0.9555114450274363,72.01,91.44,rain,,71.61,90.57,75.75,89.72
"Natural Gas, Panhandle East, $ per MMBtu-I",2.6,2016-09-08,0.9555114450274363,66.42,81.98,rain,,67.69,81.35,69.81,82.78
"Natural Gas, Panhandle East, $ per MMBtu-I",2.63,2016-09-09,0.9669838461896731,56.0,89.4,rain,,67.35,80.38,71.28,81.79
"Natural Gas, Panhandle East, $ per MMBtu-I",2.71,2016-09-12,0.9969486348916096,65.05,86.58,,,65.22,79.83,55.89,79.5
"Natural Gas, Panhandle East, $ per MMBtu-I",2.76,2016-09-13,1.0152306797290584,57.95,75.27,,,65.66,84.31,64.58,83.19
"Natural Gas, Panhandle East, $ per MMBtu-I",2.74,2016-09-14,1.007957920399979,66.2,75.55,rain,,62.73,72.56,62.5,81.91
"Natural Gas, Panhandle East, $ per MMBtu-I",2.67,2016-09-15,0.9820784724121582,63.19,83.58,,,65.96,75.71,62.42,79.95
"Natural Gas, Panhandle East, $ per MMBtu-I",2.66,2016-09-16,0.9783261227936078,61.08,72.18,rain,,67.51,82.36,69.05,86.56
"Natural Gas, Panhandle East, $ per MMBtu-I",2.73,2016-09-19,1.0043016091968684,69.5,93.23,,,67.97,87.76,58.92,85.12
"Natural Gas, Panhandle East, $ per MMBtu-I",2.89,2016-09-20,1.0612565021243408,72.59,93.69,,,68.54,80.74,59.73,86.45
"Natural Gas, Panhandle East, $ per MMBtu-I",2.91,2016-09-21,1.0681530811834012,70.63,92.02,,,66.66,74.46,61.16,88.38
"Natural Gas, Panhandle East, $ per MMBtu-I",2.91,2016-09-22,1.0681530811834012,64.67,92.01,,,68.42,82.09,64.07,87.7
"Natural Gas, Panhandle East, $ per MMBtu-I",2.79,2016-09-23,1.0260415958332743,72.73,88.36,,,66.04,72.77,67.02,88.21
"Natural Gas, Panhandle East, $ per MMBtu-I",2.81,2016-09-26,1.0331844833456545,54.03,74.15,,,53.47,69.87,49.84,70.39
"Natural Gas, Panhandle East, $ per MMBtu-I",2.79,2016-09-27,1.0260415958332743,57.7,83.89,,,51.79,69.33,57.14,74.63
"Natural Gas, Panhandle East, $ per MMBtu-I",2.74,2016-09-28,1.007957920399979,47.34,74.06,,,55.68,58.29,54.67,61.79
"Natural Gas, Panhandle East, $ per MMBtu-I",2.68,2016-09-29,0.9858167945227654,46.73,69.5,,,60.61,64.68,59.12,67.56
"Natural Gas, Panhandle East, $ per MMBtu-I",2.6,2016-09-30,0.9555114450274363,50.27,73.13,,,59.5,64.22,51.97,67.01
"Natural Gas, Panhandle East, $ per MMBtu-I",2.61,2016-10-03,0.959350221334602,64.04,80.98,,,60.43,65.63,53.85,70.73
"Natural Gas, Panhandle East, $ per MMBtu-I",2.61,2016-10-04,0.959350221334602,50.7,79.48,rain,,63.96,73.6,64.43,79.14
"Natural Gas, Panhandle East, $ per MMBtu-I",2.65,2016-10-05,0.9745596399981308,63.14,74.71,,,61.32,80.14,62.52,79.75
"Natural Gas, Panhandle East, $ per MMBtu-I",2.78,2016-10-06,1.0224509277025455,41.76,82.72,rain,,65.67,72.81,59.58,83.97
"Natural Gas, Panhandle East, $ per MMBtu-I",2.7,2016-10-07,0.9932517730102834,39.26,63.35,,,43.09,69.54,47.37,83.28
"Natural Gas, Panhandle East, $ per MMBtu-I",2.8,2016-10-10,1.0296194171811581,54.16,72.71,rain,,58.62,69.66,53.14,72.93
"Natural Gas, Panhandle East, $ per MMBtu-I",2.81,2016-10-11,1.0331844833456545,48.48,79.31,,,62.31,73.7,58.18,74.16
"Natural Gas, Panhandle East, $ per MMBtu-I",2.83,2016-10-12,1.0402767116551463,39.7,58.44,rain,,41.06,67.72,50.37,76.35
"Natural Gas, Panhandle East, $ per MMBtu-I",2.74,2016-10-13,1.007957920399979,51.72,59.19,,,41.39,55.4,43.39,61.13
"Natural Gas, Panhandle East, $ per MMBtu-I",2.72,2016-10-14,1.000631880307906,63.39,75.91,,,54.4,66.4,52.71,66.56
"Natural Gas, Panhandle East, $ per MMBtu-I",2.82,2016-10-17,1.0367368849500223,56.4,89.7,,,71.1,82.64,71.73,81.94
"Natural Gas, Panhandle East, $ per MMBtu-I",2.95,2016-10-18,1.0818051703517284,51.4,75.02,,,51.94,75.16,56.95,76.27
"Natural Gas, Panhandle East, $ per MMBtu-I",2.98,2016-10-19,1.091923300517313,47.89,75.04,,,54.47,69.1,54.76,75.32
"Natural Gas, Panhandle East, $ per MMBtu-I",2.89,2016-10-20,1.0612565021243408,40.11,61.7,,,44.2,56.04,47.87,55.88
"Natural Gas, Panhandle East, $ per MMBtu-I",2.67,2016-10-21,0.9820784724121582,43.77,68.56,,,39.23,52.5,38.88,54.76
"Natural Gas, Panhandle East, $ per MMBtu-I",2.62,2016-10-24,0.9631743177730056,58.72,76.78,,,40.99,54.79,39.43,62.06
"Natural Gas, Panhandle East, $ per MMBtu-I",2.58,2016-10-25,0.9477893989335261,61.97,78.14,,,46.24,52.98,47.25,58.04
"Natural Gas, Panhandle East, $ per MMBtu-I",2.64,2016-10-26,0.9707789171582248,47.0,74.65,rain,,45.09,48.99,50.69,64.26
"Natural Gas, Panhandle East, $ per MMBtu-I",2.52,2016-10-27,0.9242589015233319,61.31,77.78,,,41.48,49.19,40.2,53.38
"Natural Gas, Panhandle East, $ per MMBtu-I",2.48,2016-10-28,0.9082585601768908,61.93,81.53,,,62.54,63.38,55.76,64.65
"Natural Gas, Panhandle East, $ per MMBtu-I",2.43,2016-10-31,0.8878912573524571,58.21,81.61,,,57.4,57.72,55.74,63.63
"Natural Gas, Panhandle East, $ per MMBtu-I",2.19,2016-11-01,0.7839015438284094,63.83,80.33,,,60.14,76.44,59.18,78.93
"Natural Gas, Panhandle East, $ per MMBtu-I",1.92,2016-11-02,0.6523251860396901,52.03,75.52,,,51.11,63.55,61.4,78.07
"Natural Gas, Panhandle East, $ per MMBtu-I",2.08,2016-11-03,0.7323678937132266,44.17,73.22,,,46.18,60.92,46.96,65.88
"Natural Gas, Panhandle East, $ per MMBtu-I",1.94,2016-11-04,0.6626879730752367,49.44,72.45,,,47.34,60.34,35.75,60.1
"Natural Gas, Panhandle East, $ per MMBtu-I",2.13,2016-11-07,0.7561219797213337,53.51,60.03,rain,,52.39,66.71,45.69,69.23
"Natural Gas, Panhandle East, $ per MMBtu-I",2.11,2016-11-08,0.7466879474879751,36.66,60.89,rain,,42.37,62.12,43.96,59.01
"Natural Gas, Panhandle East, $ per MMBtu-I",2.06,2016-11-09,0.7227059828014898,36.81,61.84,,,42.83,56.51,35.93,55.23
"Natural Gas, Panhandle East, $ per MMBtu-I",1.9,2016-11-10,0.6418538861723947,46.08,70.43,,,49.33,63.51,43.65,60.38
"Natural Gas, Panhandle East, $ per MMBtu-I",1.79,2016-11-11,0.5822156198526637,32.0,60.48,,,34.94,51.49,28.57,57.83
"Natural Gas, Panhandle East, $ per MMBtu-I",2.09,2016-11-14,0.7371640659767196,41.26,69.22,,,41.62,60.54,38.32,59.97
"Natural Gas, Panhandle East, $ per MMBtu-I",2.23,2016-11-15,0.8020015854720274,40.37,76.89,,,40.46,53.88,37.06,63.2
"Natural Gas, Panhandle East, $ per MMBtu-I",2.31,2016-11-16,0.8372475245337022,59.88,81.72,,,49.02,56.92,42.88,64.34
"Natural Gas, Panhandle East, $ per MMBtu-I",2.12,2016-11-17,0.7514160886839212,38.94,72.16,,,59.09,72.37,54.12,72.6
"Natural Gas, Panhandle East, $ per MMBtu-I",2.32,2016-11-18,0.8415671856782185,23.47,45.65,,,35.32,64.55,37.04,74.39
"Natural Gas, Panhandle East, $ per MMBtu-I",2.61,2016-11-21,0.959350221334602,53.07,60.25,,,31.14,38.97,28.41,43.03
"Natural Gas, Panhandle East, $ per MMBtu-I",2.6,2016-11-22,0.9555114450274363,43.79,69.39,rain,,37.99,39.31,37.55,43.25
"Natural Gas, Panhandle East, $ per MMBtu-I",2.57,2016-11-23,0.9439058989071284,32.74,51.96,,,38.54,43.82,42.59,46.33
"Natural Gas, Panhandle East, $ per MMBtu-I",2.79,2016-11-28,1.0260415958332743,37.47,60.26,,,44.66,50.93,48.71,51.7
"Natural Gas, Panhandle East, $ per MMBtu-I",2.96,2016-11-29,1.085189268335969,29.16,51.88,,,35.3,57.02,43.19,60.59
"Natural Gas, Panhandle East, $ per MMBtu-I",3.12,2016-11-30,1.1378330018213911,20.9,49.76,,,36.39,41.29,37.38,50.13
"Natural Gas, Panhandle East, $ per MMBtu-I",3.22,2016-12-01,1.169381359556317,24.97,51.57,,,36.96,40.53,36.2,39.89
"Natural Gas, Panhandle East, $ per MMBtu-I",3.2,2016-12-02,1.1631508098056809,38.75,52.29,,,32.7,39.4,36.85,40.24
"Natural Gas, Panhandle East, $ per MMBtu-I",3.47,2016-12-05,1.244154593958768,27.54,53.19,,,33.48,33.4,34.79,42.78
"Natural Gas, Panhandle East, $ per MMBtu-I",3.61,2016-12-06,1.2837077723447896,30.01,38.85,,,26.54,40.0,26.27,42.59
"Natural Gas, Panhandle East, $ per MMBtu-I",3.61,2016-12-07,1.2837077723447896,13.92,32.14,,,18.05,29.16,21.56,37.38
"Natural Gas, Panhandle East, $ per MMBtu-I",3.47,2016-12-08,1.244154593958768,11.31,28.1,,,21.45,23.66,21.0,24.07
"Natural Gas, Panhandle East, $ per MMBtu-I",3.61,2016-12-09,1.2837077723447896,20.51,27.64,,,19.07,25.88,21.79,27.07
"Natural Gas, Panhandle East, $ per MMBtu-I",3.46,2016-12-12,1.2412685890696329,15.69,35.19,,,14.89,24.3,24.24,33.48
"Natural Gas, Panhandle East, $ per MMBtu-I",3.49,2016-12-13,1.2499017362143359,15.49,28.29,,,5.37,20.14,3.42,32.72
"Natural Gas, Panhandle East, $ per MMBtu-I",3.44,2016-12-14,1.235471471385307,14.98,32.53,,,0.55,20.63,4.37,20.71
"Natural Gas, Panhandle East, $ per MMBtu-I",3.45,2016-12-15,1.2383742310432684,27.24,30.7,,,7.27,10.95,7.39,14.14
"Natural Gas, Panhandle East, $ per MMBtu-I",3.67,2016-12-16,1.3001916620664788,18.36,41.71,rain,,19.46,20.07,26.46,25.24
"Natural Gas, Panhandle East, $ per MMBtu-I",3.51,2016-12-19,1.2556160374777743,15.5,29.44,,,13.22,14.19,12.3,21.28
"Natural Gas, Panhandle East, $ per MMBtu-I",3.2,2016-12-20,1.1631508098056809,24.15,41.23,snow,0,22.21,29.14,21.55,35.76
"Natural Gas, Panhandle East, $ per MMBtu-I",3.31,2016-12-21,1.1969481893889715,25.44,48.83,,,32.4,35.69,32.81,40.96
"Natural Gas, Panhandle East, $ per MMBtu-I",3.31,2016-12-22,1.1969481893889715,32.97,41.01,,,27.61,39.0,26.68,41.18
"Natural Gas, Panhandle East, $ per MMBtu-I",3.31,2016-12-23,1.1969481893889715,23.25,55.92,rain,,34.29,36.31,37.05,38.09
"Natural Gas, Panhandle East, $ per MMBtu-I",3.4,2016-12-27,1.2237754316221157,28.46,48.24,,,23.87,29.53,24.74,40.66
"Natural Gas, Panhandle East, $ per MMBtu-I",3.38,2016-12-28,1.2178757094949273,29.07,57.96,,,30.9,43.68,33.93,46.77
"Natural Gas, Panhandle East, $ per MMBtu-I",3.52,2016-12-29,1.2584609896100056,24.4,49.47,,,25.07,34.48,29.66,39.83
"Natural Gas, Panhandle East, $ per MMBtu-I",3.46,2016-12-30,1.2412685890696329,30.48,57.52,,,32.26,32.79,32.2,37.22
"Natural Gas, Panhandle East, $ per MMBtu-I",3.36,2017-01-03,1.2119409739751128,11.38,28.6,,,10.89,39.66,19.32,49.23
"Natural Gas, Panhandle East, $ per MMBtu-I",3.36,2017-01-04,1.2119409739751128,12.1,28.22,,,7.4,18.57,16.93,24.54
"Natural Gas, Panhandle East, $ per MMBtu-I",3.25,2017-01-05,1.1786549963416462,8.81,16.86,,,1.08,12.82,4.72,17.02
"Natural Gas, Panhandle East, $ per MMBtu-I",3.18,2017-01-06,1.1568811967920856,6.17,21.83,,,2.25,8.81,0.08,11.0
"Natural Gas, Panhandle East, $ per MMBtu-I",2.92,2017-01-09,1.0715836162801904,45.76,46.54,,,29.04,28.67,32.78,33.57
"Natural Gas, Panhandle East, $ per MMBtu-I",3.04,2017-01-10,1.1118575154181303,40.03,57.32,,,26.31,50.19,29.48,52.26
"Natural Gas, Panhandle East, $ per MMBtu-I",3.16,2017-01-11,1.1505720275988207,15.05,60.03,,,24.49,44.19,57.18,55.12
"Natural Gas, Panhandle East, $ per MMBtu-I",3.27,2017-01-12,1.184789984909162,19.23,28.22,,,18.47,25.75,25.67,62.74
"Natural Gas, Panhandle East, $ per MMBtu-I",3.22,2017-01-13,1.169381359556317,27.09,27.78,,,26.96,26.62,30.74,31.65
"Natural Gas, Panhandle East, $ per MMBtu-I",3.14,2017-01-17,1.144222799920162,31.45,49.64,,,34.17,38.77,36.27,54.65
"Natural Gas, Panhandle East, $ per MMBtu-I",3.08,2017-01-18,1.1249295969854831,41.76,54.68,,,33.55,36.95,35.63,38.53
"Natural Gas, Panhandle East, $ per MMBtu-I",3.01,2017-01-19,1.1019400787607843,42.93,49.22,,,37.57,41.06,43.78,46.26
"Natural Gas, Panhandle East, $ per MMBtu-I",2.98,2017-01-20,1.091923300517313,32.0,49.57,,,41.59,41.52,48.21,54.54
"Natural Gas, Panhandle East, $ per MMBtu-I",2.95,2017-01-23,1.0818051703517284,37.28,53.65,,,36.32,41.09,39.45,43.75
"Natural Gas, Panhandle East, $ per MMBtu-I",3.04,2017-01-24,1.1118575154181303,27.43,63.34,,,35.61,36.62,37.88,41.86
"Natural Gas, Panhandle East, $ per MMBtu-I",3.07,2017-01-25,1.1216775615991057,23.28,39.39,,,31.56,42.6,34.53,54.54
"Natural Gas, Panhandle East, $ per MMBtu-I",3.23,2017-01-26,1.172482137234565,24.4,41.36,,,27.68,33.34,29.25,34.55
"Natural Gas, Panhandle East, $ per MMBtu-I",3.06,2017-01-27,1.1184149159642893,29.32,46.77,,,24.92,28.35,24.4,31.88
"Natural Gas, Panhandle East, $ per MMBtu-I",2.94,2017-01-30,1.0784095813505903,32.83,70.37,,,32.12,31.43,32.8,33.23
"Natural Gas, Panhandle East, $ per MMBtu-I",2.84,2017-01-31,1.0438040521731147,33.17,59.09,,,32.71,40.13,36.12,42.58
"Natural Gas, Panhandle East, $ per MMBtu-I",2.93,2017-02-01,1.075002423028976,19.46,44.12,,,14.91,37.02,22.33,40.97
"Natural Gas, Panhandle East, $ per MMBtu-I",2.85,2017-02-02,1.0473189942805592,24.57,31.97,,,14.96,23.63,19.63,30.15
"Natural Gas, Panhandle East, $ per MMBtu-I",2.74,2017-02-03,1.007957920399979,25.07,36.05,,,15.27,28.29,12.81,29.09
"Natural Gas, Panhandle East, $ per MMBtu-I",2.65,2017-02-06,0.9745596399981308,35.54,63.28,,,42.62,53.47,46.66,54.71
"Natural Gas, Panhandle East, $ per MMBtu-I",2.83,2017-02-07,1.0402767116551463,23.59,61.98,,,28.79,50.93,34.05,61.08
"Natural Gas, Panhandle East, $ per MMBtu-I",2.78,2017-02-08,1.0224509277025455,18.11,33.94,,,13.5,29.08,17.91,37.4
"Natural Gas, Panhandle East, $ per MMBtu-I",2.83,2017-02-09,1.0402767116551463,37.84,44.03,,,17.7,24.43,13.65,22.04
"Natural Gas, Panhandle East, $ per MMBtu-I",2.66,2017-02-10,0.9783261227936078,46.27,72.85,,,37.72,40.63,48.46,50.64
"Natural Gas, Panhandle East, $ per MMBtu-I",2.67,2017-02-13,0.9820784724121582,37.3,50.67,,,33.85,44.6,35.42,47.2
"Natural Gas, Panhandle East, $ per MMBtu-I",2.65,2017-02-14,0.9745596399981308,27.61,51.27,rain,,27.49,50.15,30.73,52.58
"Natural Gas, Panhandle East, $ per MMBtu-I",2.66,2017-02-15,0.9783261227936078,33.4,58.3,,,30.36,33.93,30.68,41.17
"Natural Gas, Panhandle East, $ per MMBtu-I",2.57,2017-02-16,0.9439058989071284,38.33,71.73,,,32.74,40.65,41.84,46.6
"Natural Gas, Panhandle East, $ per MMBtu-I",2.47,2017-02-17,0.9042181506398859,37.98,70.64,,,45.53,65.92,43.37,65.63
"Natural Gas, Panhandle East, $ per MMBtu-I",2.29,2017-02-21,0.8285518175661483,44.41,71.67,,,52.84,64.59,52.76,64.5
"Natural Gas, Panhandle East, $ per MMBtu-I",2.27,2017-02-22,0.8197798314933114,48.93,78.22,,,47.23,66.32,52.42,66.9
"Natural Gas, Panhandle East, $ per MMBtu-I",2.34,2017-02-23,0.85015092936961,33.19,72.32,,,37.55,49.8,58.28,68.01
"Natural Gas, Panhandle East, $ per MMBtu-I",2.27,2017-02-24,0.8197798314933114,17.7,35.18,,,22.63,40.14,30.51,72.39
"Natural Gas, Panhandle East, $ per MMBtu-I",2.31,2017-02-27,0.8372475245337022,50.59,60.76,,,45.96,51.75,44.75,51.52
"Natural Gas, Panhandle East, $ per MMBtu-I",2.35,2017-02-28,0.8544153281560676,33.27,66.15,,,39.89,58.14,52.85,58.64
"Natural Gas, Panhandle East, $ per MMBtu-I",2.42,2017-03-01,0.883767540168595,26.65,54.65,,,29.31,40.3,31.68,55.38
"Natural Gas, Panhandle East, $ per MMBtu-I",2.39,2017-03-02,0.8712933659434193,30.76,59.12,,,20.79,33.27,25.84,40.31
"Natural Gas, Panhandle East, $ per MMBtu-I",2.36,2017-03-03,0.8586616190375187,41.98,69.05,,,28.29,31.04,28.77,35.77
"Natural Gas, Panhandle East, $ per MMBtu-I",2.48,2017-03-06,0.9082585601768908,32.07,77.95,rain,,44.75,60.28,54.52,55.47
"Natural Gas, Panhandle East, $ per MMBtu-I",2.42,2017-03-07,0.883767540168595,33.27,62.89,,,40.96,51.89,40.1,55.35
"Natural Gas, Panhandle East, $ per MMBtu-I",2.54,2017-03-08,0.9321640810304452,40.23,71.51,,,32.97,51.76,33.53,57.88
"Natural Gas, Panhandle East, $ per MMBtu-I",2.6,2017-03-09,0.9555114450274363,28.21,73.78,,,26.74,38.85,31.91,62.19
"Natural Gas, Panhandle East, $ per MMBtu-I",2.74,2017-03-10,1.007957920399979,35.44,45.13,,,17.68,29.57,22.63,38.95
"Natural Gas, Panhandle East, $ per MMBtu-I",2.79,2017-03-13,1.0260415958332743,25.66,39.8,snow,0,21.35,29.43,19.18,31.38
"Natural Gas, Panhandle East, $ per MMBtu-I",2.73,2017-03-14,1.0043016091968684,27.77,41.23,,,16.9,25.8,18.86,29.36
"Natural Gas, Panhandle East, $ per MMBtu-I",2.64,2017-03-15,0.9707789171582248,38.47,50.27,,,19.75,32.09,18.26,32.47
"Natural Gas, Panhandle East, $ per MMBtu-I",2.48,2017-03-16,0.9082585601768908,50.58,76.37,,,34.76,41.98,31.17,42.79
"Natural Gas, Panhandle East, $ per MMBtu-I",2.46,2017-03-17,0.9001613499442714,42.8,74.26,,,37.99,47.17,37.76,45.54
"Natural Gas, Panhandle East, $ per MMBtu-I",2.57,2017-03-20,0.9439058989071284,52.26,83.18,,,36.9,51.83,44.6,49.89
"Natural Gas, Panhandle East, $ per MMBtu-I",2.71,2017-03-21,0.9969486348916096,44.8,63.03,,,28.28,51.12,27.85,58.21
"Natural Gas, Panhandle East, $ per MMBtu-I",2.63,2017-03-22,0.9669838461896731,51.04,55.81,,,29.95,33.26,28.41,40.71
"Natural Gas, Panhandle East, $ per MMBtu-I",2.57,2017-03-23,0.9439058989071284,63.53,79.7,,,46.85,48.61,51.13,55.94
"Natural Gas, Panhandle East, $ per MMBtu-I",2.56,2017-03-24,0.9400072584914712,41.96,74.43,rain,,39.49,79.8,60.79,73.75
"Natural Gas, Panhandle East, $ per MMBtu-I",2.61,2017-03-27,0.959350221334602,48.89,53.91,rain,,39.37,46.4,50.81,62.56
"Natural Gas, Panhandle East, $ per MMBtu-I",2.61,2017-03-28,0.959350221334602,49.25,53.34,rain,,34.64,44.66,45.7,56.45
"Natural Gas, Panhandle East, $ per MMBtu-I",2.66,2017-03-29,0.9783261227936078,40.43,53.46,rain,,40.58,45.23,51.92,59.81
"Natural Gas, Panhandle East, $ per MMBtu-I",2.64,2017-03-30,0.9707789171582248,43.16,47.66,rain,,36.82,43.13,51.47,72.46
"Natural Gas, Panhandle East, $ per MMBtu-I",2.7,2017-03-31,0.9932517730102834,44.89,53.63,,,34.92,40.28,39.47,52.49
"Natural Gas, Panhandle East, $ per MMBtu-I",2.7,2017-04-03,0.9932517730102834,44.24,67.38,rain,,45.24,49.6,53.54,68.99
"Natural Gas, Panhandle East, $ per MMBtu-I",2.79,2017-04-04,1.0260415958332743,43.01,46.43,rain,,42.23,53.03,46.52,60.42
"Natural Gas, Panhandle East, $ per MMBtu-I",2.95,2017-04-05,1.0818051703517284,38.74,59.59,rain,,37.05,42.47,36.71,61.55
"Natural Gas, Panhandle East, $ per MMBtu-I",2.9,2017-04-06,1.0647107369924282,39.09,61.15,,,37.03,46.88,35.0,47.26
"Natural Gas, Panhandle East, $ per MMBtu-I",2.79,2017-04-07,1.0260415958332743,54.5,68.84,,,39.46,51.57,32.51,53.84
"Natural Gas, Panhandle East, $ per MMBtu-I",2.79,2017-04-10,1.0260415958332743,36.46,64.68,,,40.77,73.69,56.14,74.3
"Natural Gas, Panhandle East, $ per MMBtu-I",2.75,2017-04-11,1.0116009116784799,48.15,69.93,,,38.95,52.97,40.76,62.53
"Natural Gas, Panhandle East, $ per MMBtu-I",2.75,2017-04-12,1.0116009116784799,57.68,73.9,,,43.38,53.5,46.4,66.75
"Natural Gas, Panhandle East, $ per MMBtu-I",2.72,2017-04-13,1.000631880307906,58.37,70.31,rain,,45.28,57.99,51.87,77.23
"Natural Gas, Panhandle East, $ per MMBtu-I",2.72,2017-04-17,1.000631880307906,57.56,72.02,,,42.74,65.38,44.56,68.62
"Natural Gas, Panhandle East, $ per MMBtu-I",2.68,2017-04-18,0.9858167945227654,61.58,79.01,,,65.04,75.94,61.62,77.86
"Natural Gas, Panhandle East, $ per MMBtu-I",2.71,2017-04-19,0.9969486348916096,53.98,79.42,rain,,44.56,66.85,64.95,81.14
"Natural Gas, Panhandle East, $ per MMBtu-I",2.77,2017-04-20,1.0188473201992472,51.34,68.65,rain,,44.76,72.5,46.94,77.47
"Natural Gas, Panhandle East, $ per MMBtu-I",2.7,2017-04-21,0.9932517730102834,45.0,53.7,rain,,43.06,49.67,44.54,58.02
"Natural Gas, Panhandle East, $ per MMBtu-I",2.66,2017-04-24,0.9783261227936078,56.89,74.37,,,55.74,69.25,52.78,75.79
"Natural Gas, Panhandle East, $ per MMBtu-I",2.65,2017-04-25,0.9745596399981308,41.36,69.29,rain,,64.84,76.51,61.05,76.38
"Natural Gas, Panhandle East, $ per MMBtu-I",2.73,2017-04-26,1.0043016091968684,34.26,54.0,rain,,48.21,74.58,59.93,83.49
"Natural Gas, Panhandle East, $ per MMBtu-I",2.72,2017-04-27,1.000631880307906,51.68,59.86,rain,,42.18,54.19,45.1,61.6
"Natural Gas, Panhandle East, $ per MMBtu-I",2.72,2017-04-28,1.000631880307906,42.29,70.63,rain,,44.47,54.46,56.53,62.18
"Natural Gas, Panhandle East, $ per MMBtu-I",2.75,2017-05-01,1.0116009116784799,48.17,68.64,rain,,41.24,55.77,45.23,59.12
"Natural Gas, Panhandle East, $ per MMBtu-I",2.7,2017-05-02,0.9932517730102834,48.54,68.51,,,38.46,49.44,39.38,60.29
"Natural Gas, Panhandle East, $ per MMBtu-I",2.72,2017-05-03,1.000631880307906,45.17,60.62,rain,,45.55,53.64,47.56,54.09
"Natural Gas, Panhandle East, $ per MMBtu-I",2.74,2017-05-04,1.007957920399979,43.7,67.89,rain,,42.16,49.96,44.45,48.01
"Natural Gas, Panhandle East, $ per MMBtu-I",2.72,2017-05-05,1.000631880307906,49.92,74.06,,,44.2,54.27,41.92,55.7
"Natural Gas, Panhandle East, $ per MMBtu-I",2.66,2017-05-08,0.9783261227936078,61.13,82.45,,,41.9,52.34,49.07,64.79
"Natural Gas, Panhandle East, $ per MMBtu-I",2.66,2017-05-09,0.9783261227936078,65.96,81.48,,,47.94,57.83,54.18,66.48
"Natural Gas, Panhandle East, $ per MMBtu-I",2.74,2017-05-10,1.007957920399979,59.04,72.43,rain,,48.43,63.63,63.2,79.49
"Natural Gas, Panhandle East, $ per MMBtu-I",2.83,2017-05-11,1.0402767116551463,51.13,66.4,rain,,47.31,60.77,53.0,63.98
"Natural Gas, Panhandle East, $ per MMBtu-I",2.86,2017-05-12,1.0508216248317612,46.68,71.69,,,48.25,67.91,46.66,68.83
"Natural Gas, Panhandle East, $ per MMBtu-I",2.84,2017-05-15,1.0438040521731147,65.65,87.01,,,65.08,78.97,60.52,83.53
"Natural Gas, Panhandle East, $ per MMBtu-I",2.81,2017-05-16,1.0331844833456545,61.92,80.53,rain,,70.41,87.5,68.02,84.47
"Natural Gas, Panhandle East, $ per MMBtu-I",2.76,2017-05-17,1.0152306797290584,55.58,77.82,rain,,67.1,83.53,72.66,83.14
"Natural Gas, Panhandle East, $ per MMBtu-I",2.75,2017-05-18,1.0116009116784799,60.32,81.35,rain,,42.8,78.55,64.9,85.54
"Natural Gas, Panhandle East, $ per MMBtu-I",2.75,2017-05-19,1.0116009116784799,48.96,71.67,rain,,46.35,45.72,54.52,76.37
"Natural Gas, Panhandle East, $ per MMBtu-I",2.87,2017-05-22,1.0543120297715298,51.73,65.75,rain,,59.14,73.05,56.08,71.63
"Natural Gas, Panhandle East, $ per MMBtu-I",2.87,2017-05-23,1.0543120297715298,45.16,66.19,rain,,53.1,62.08,58.75,73.65
"Natural Gas, Panhandle East, $ per MMBtu-I",2.77,2017-05-24,1.0188473201992472,50.04,67.64,,,51.45,57.72,56.0,62.83
"Natural Gas, Panhandle East, $ per MMBtu-I",2.79,2017-05-25,1.0260415958332743,61.25,82.37,,,53.06,65.27,52.13,63.13
"Natural Gas, Panhandle East, $ per MMBtu-I",2.74,2017-05-26,1.007957920399979,64.27,84.24,,,53.03,66.62,67.21,77.66
"Natural Gas, Panhandle East, $ per MMBtu-I",2.68,2017-05-30,0.9858167945227654,62.53,83.99,,,54.18,72.59,58.06,75.54
"Natural Gas, Panhandle East, $ per MMBtu-I",2.6,2017-05-31,0.9555114450274363,62.24,87.25,rain,,54.02,72.84,51.02,77.95
"Natural Gas, Panhandle East, $ per MMBtu-I",2.52,2017-06-01,0.9242589015233319,59.21,85.11,rain,,57.03,75.72,53.37,79.31
"Natural Gas, Panhandle East, $ per MMBtu-I",2.47,2017-06-02,0.9042181506398859,61.72,82.65,,,62.62,82.86,57.22,83.89
"Natural Gas, Panhandle East, $ per MMBtu-I",2.59,2017-06-05,0.9516578757114463,66.63,88.66,,,54.15,70.91,57.35,87.19
"Natural Gas, Panhandle East, $ per MMBtu-I",2.67,2017-06-06,0.9820784724121582,62.82,88.68,rain,,56.42,70.77,57.42,77.3
"Natural Gas, Panhandle East, $ per MMBtu-I",2.71,2017-06-07,0.9969486348916096,58.64,82.19,,,54.5,72.3,51.92,70.45
"Natural Gas, Panhandle East, $ per MMBtu-I",2.64,2017-06-08,0.9707789171582248,61.96,81.62,,,66.29,79.38,59.14,76.57
"Natural Gas, Panhandle East, $ per MMBtu-I",2.58,2017-06-09,0.9477893989335261,68.68,87.12,,,64.11,84.25,62.52,83.79
"Natural Gas, Panhandle East, $ per MMBtu-I",2.75,2017-06-12,1.0116009116784799,73.4,93.24,,,70.4,94.17,75.14,90.98
"Natural Gas, Panhandle East, $ per MMBtu-I",2.55,2017-06-13,0.9360933591703348,70.89,92.64,,,69.72,82.46,68.88,83.51
"Natural Gas, Panhandle East, $ per MMBtu-I",2.59,2017-06-14,0.9516578757114463,68.62,94.13,rain,,68.76,88.16,67.47,88.21
"Natural Gas, Panhandle East, $ per MMBtu-I",2.64,2017-06-15,0.9707789171582248,67.13,95.22,rain,,67.21,87.7,66.77,81.39
"Natural Gas, Panhandle East, $ per MMBtu-I",2.69,2017-06-16,0.9895411936137477,75.23,94.96,rain,,69.48,86.1,71.41,87.2
"Natural Gas, Panhandle East, $ per MMBtu-I",2.61,2017-06-19,0.959350221334602,64.56,86.5,,,58.86,77.18,59.46,80.16
"Natural Gas, Panhandle East, $ per MMBtu-I",2.6,2017-06-20,0.9555114450274363,69.43,93.78,,,57.71,78.26,65.64,83.7
"Natural Gas, Panhandle East, $ per MMBtu-I",2.58,2017-06-21,0.9477893989335261,68.68,93.0,,,69.51,76.9,71.61,88.08
"Natural Gas, Panhandle East, $ per MMBtu-I",2.47,2017-06-22,0.9042181506398859,72.25,93.67,,,66.69,87.25,72.92,83.21
"Natural Gas, Panhandle East, $ per MMBtu-I",2.55,2017-06-23,0.9360933591703348,59.44,79.43,rain,,61.94,81.14,61.23,75.38
"Natural Gas, Panhandle East, $ per MMBtu-I",2.66,2017-06-26,0.9783261227936078,64.11,87.98,rain,,52.8,71.76,51.64,72.15
"Natural Gas, Panhandle East, $ per MMBtu-I",2.63,2017-06-27,0.9669838461896731,71.87,91.06,rain,,61.75,74.34,54.86,73.64
"Natural Gas, Panhandle East, $ per MMBtu-I",2.64,2017-06-28,0.9707789171582248,73.55,94.68,,,67.37,79.38,69.19,80.18
"Natural Gas, Panhandle East, $ per MMBtu-I",2.6,2017-06-29,0.9555114450274363,66.97,90.45,rain,,66.48,80.99,73.55,86.87
"Natural Gas, Panhandle East, $ per MMBtu-I",2.44,2017-06-30,0.8919980393051105,58.73,79.89,rain,,66.51,79.0,68.05,82.83
"Natural Gas, Panhandle East, $ per MMBtu-I",2.52,2017-07-05,0.9242589015233319,64.12,88.2,,,70.78,84.11,72.33,84.95
"Natural Gas, Panhandle East, $ per MMBtu-I",2.51,2017-07-06,0.9202827531436925,70.63,95.49,,,75.89,90.4,70.01,81.33
"Natural Gas, Panhandle East, $ per MMBtu-I",2.51,2017-07-07,0.9202827531436925,67.57,92.89,,,62.44,81.6,63.22,87.59
"Natural Gas, Panhandle East, $ per MMBtu-I",2.55,2017-07-10,0.9360933591703348,75.25,97.31,,,70.14,80.92,72.32,83.31
"Natural Gas, Panhandle East, $ per MMBtu-I",2.59,2017-07-11,0.9516578757114463,75.29,100.31,,,72.11,83.11,71.62,77.46
"Natural Gas, Panhandle East, $ per MMBtu-I",2.58,2017-07-12,0.9477893989335261,75.63,99.8,,,73.52,78.52,75.12,89.4
"Natural Gas, Panhandle East, $ per MMBtu-I",2.53,2017-07-13,0.9282193027394288,70.1,98.39,rain,,66.37,82.56,72.79,85.37
"Natural Gas, Panhandle East, $ per MMBtu-I",2.52,2017-07-14,0.9242589015233319,73.08,87.11,rain,,60.26,70.21,60.17,82.22
"Natural Gas, Panhandle East, $ per MMBtu-I",2.61,2017-07-17,0.959350221334602,73.9,94.87,,,61.06,74.77,69.44,84.65
"Natural Gas, Panhandle East, $ per MMBtu-I",2.7,2017-07-18,0.9932517730102834,76.22,97.1,,,72.27,87.08,66.9,87.65
"Natural Gas, Panhandle East, $ per MMBtu-I",2.71,2017-07-19,0.9969486348916096,76.76,100.17,,,69.07,84.19,73.85,88.04
"Natural Gas, Panhandle East, $ per MMBtu-I",2.75,2017-07-20,1.0116009116784799,78.38,101.74,,,73.19,87.67,71.75,89.2
"Natural Gas, Panhandle East, $ per MMBtu-I",2.66,2017-07-21,0.9783261227936078,78.81,104.24,,,70.93,87.28,73.61,88.95
"Natural Gas, Panhandle East, $ per MMBtu-I",2.64,2017-07-24,0.9707789171582248,72.93,96.36,,,63.04,71.95,60.57,81.1
"Natural Gas, Panhandle East, $ per MMBtu-I",2.64,2017-07-25,0.9707789171582248,79.07,97.8,,,67.0,79.65,62.24,80.17
"Natural Gas, Panhandle East, $ per MMBtu-I",2.6,2017-07-26,0.9555114450274363,74.87,94.45,rain,,72.64,84.56,73.99,84.81
"Natural Gas, Panhandle East, $ per MMBtu-I",2.56,2017-07-27,0.9400072584914712,69.27,84.24,rain,,69.38,77.97,72.88,78.53
"Natural Gas, Panhandle East, $ per MMBtu-I",2.55,2017-07-28,0.9360933591703348,68.29,90.5,,,63.88,76.29,59.39,80.86
"Natural Gas, Panhandle East, $ per MMBtu-I",2.54,2017-07-31,0.9321640810304452,66.4,70.56,rain,,69.03,82.24,66.48,85.06
"Natural Gas, Panhandle East, $ per MMBtu-I",2.49,2017-08-01,0.9122827104766164,63.79,83.28,,,67.47,82.56,65.89,83.02
"Natural Gas, Panhandle East, $ per MMBtu-I",2.51,2017-08-02,0.9202827531436925,68.31,89.3,,,69.42,84.34,66.13,83.81
"Natural Gas, Panhandle East, $ per MMBtu-I",2.48,2017-08-03,0.9082585601768908,62.52,85.79,,,56.41,82.64,66.16,85.01
"Natural Gas, Panhandle East, $ per MMBtu-I",2.4,2017-08-04,0.8754687373538999,64.84,81.02,,,58.71,65.55,54.09,69.04
"Natural Gas, Panhandle East, $ per MMBtu-I",2.43,2017-08-07,0.8878912573524571,60.42,75.86,,,57.22,73.49,57.75,77.85
"Natural Gas, Panhandle East, $ per MMBtu-I",2.43,2017-08-08,0.8878912573524571,65.97,81.59,,,62.19,80.5,56.12,79.97
"Natural Gas, Panhandle East, $ per MMBtu-I",2.46,2017-08-09,0.9001613499442714,64.35,80.71,rain,,62.9,80.05,59.78,81.67
"Natural Gas, Panhandle East, $ per MMBtu-I",2.56,2017-08-10,0.9400072584914712,66.61,83.4,rain,,66.75,83.48,68.23,84.24
"Natural Gas, Panhandle East, $ per MMBtu-I",2.56,2017-08-11,0.9400072584914712,65.13,82.63,rain,,60.78,76.21,60.42,81.64
"Natural Gas, Panhandle East, $ per MMBtu-I",2.63,2017-08-14,0.9669838461896731,70.22,88.39,,,68.17,81.43,65.86,84.0
"Natural Gas, Panhandle East, $ per MMBtu-I",2.56,2017-08-15,0.9400072584914712,68.79,87.41,,,67.68,80.31,67.52,87.19
"Natural Gas, Panhandle East, $ per MMBtu-I",2.55,2017-08-16,0.9360933591703348,62.82,83.59,rain,,71.94,85.2,74.53,87.81
"Natural Gas, Panhandle East, $ per MMBtu-I",2.55,2017-08-17,0.9360933591703348,66.96,88.22,,,66.78,81.05,66.63,85.06
"Natural Gas, Panhandle East, $ per MMBtu-I",2.57,2017-08-21,0.9439058989071284,72.63,90.54,rain,,70.43,84.0,73.25,88.02
"Natural Gas, Panhandle East, $ per MMBtu-I",2.64,2017-08-22,0.9707789171582248,56.48,84.05,rain,,59.51,79.19,59.38,80.0
"Natural Gas, Panhandle East, $ per MMBtu-I",2.56,2017-08-23,0.9400072584914712,56.63,83.77,,,59.47,74.66,54.5,77.52
"Natural Gas, Panhandle East, $ per MMBtu-I",2.58,2017-08-24,0.9477893989335261,66.84,84.81,,,53.69,71.96,56.46,77.23
"Natural Gas, Panhandle East, $ per MMBtu-I",2.86,2017-08-25,1.0508216248317612,64.47,82.37,,,58.09,71.71,54.65,75.21
"Natural Gas, Panhandle East, $ per MMBtu-I",2.6,2017-08-28,0.9555114450274363,55.14,83.88,,,62.5,76.76,62.04,80.43
"Natural Gas, Panhandle East, $ per MMBtu-I",2.47,2017-08-29,0.9042181506398859,55.73,82.56,,,60.62,72.36,61.19,79.59
"Natural Gas, Panhandle East, $ per MMBtu-I",2.53,2017-08-30,0.9282193027394288,58.03,82.39,,,66.06,77.78,60.91,80.67
"Natural Gas, Panhandle East, $ per MMBtu-I",2.54,2017-08-31,0.9321640810304452,60.52,82.91,,,57.42,70.09,58.16,78.64
"Natural Gas, Panhandle East, $ per MMBtu-I",2.54,2017-09-01,0.9321640810304452,64.03,80.94,rain,,50.46,67.1,55.32,64.79
"Natural Gas, Panhandle East, $ per MMBtu-I",2.6,2017-09-05,0.9555114450274363,46.34,77.87,,,49.66,67.8,48.63,71.03
"Natural Gas, Panhandle East, $ per MMBtu-I",2.7,2017-09-06,0.9932517730102834,50.31,79.57,,,52.26,63.35,47.39,65.04
"Natural Gas, Panhandle East, $ per MMBtu-I",2.55,2017-09-07,0.9360933591703348,59.16,86.39,,,57.57,67.49,48.48,67.65
"Natural Gas, Panhandle East, $ per MMBtu-I",2.5,2017-09-08,0.9162907318741551,59.07,87.07,,,57.1,66.34,58.5,77.7
"Natural Gas, Panhandle East, $ per MMBtu-I",2.56,2017-09-11,0.9400072584914712,55.19,84.74,,,56.52,71.66,56.73,72.14
"Natural Gas, Panhandle East, $ per MMBtu-I",2.72,2017-09-12,1.000631880307906,53.96,82.54,,,62.25,73.41,61.8,73.15
"Natural Gas, Panhandle East, $ per MMBtu-I",2.78,2017-09-13,1.0224509277025455,62.61,89.76,,,60.09,72.0,61.73,66.47
"Natural Gas, Panhandle East, $ per MMBtu-I",2.74,2017-09-14,1.007957920399979,70.24,94.46,,,62.69,78.7,57.21,74.92
"Natural Gas, Panhandle East, $ per MMBtu-I",2.58,2017-09-15,0.9477893989335261,70.41,82.59,rain,,65.81,85.29,62.1,82.08
"Natural Gas, Panhandle East, $ per MMBtu-I",2.72,2017-09-18,1.000631880307906,67.26,85.79,rain,,65.59,73.67,68.26,82.29
"Natural Gas, Panhandle East, $ per MMBtu-I",2.71,2017-09-19,0.9969486348916096,68.13,95.22,,,64.21,74.69,66.02,80.65
"Natural Gas, Panhandle East, $ per MMBtu-I",2.68,2017-09-20,0.9858167945227654,72.24,89.2,,,72.65,90.66,69.61,88.3
"Natural Gas, Panhandle East, $ per MMBtu-I",2.61,2017-09-21,0.959350221334602,72.85,96.28,,,72.83,91.45,68.49,90.97
"Natural Gas, Panhandle East, $ per MMBtu-I",2.53,2017-09-22,0.9282193027394288,70.41,92.27,,,71.92,93.1,66.71,91.46
"Natural Gas, Panhandle East, $ per MMBtu-I",2.58,2017-09-25,0.9477893989335261,55.15,73.24,rain,,70.75,89.5,65.21,89.29
"Natural Gas, Panhandle East, $ per MMBtu-I",2.51,2017-09-26,0.9202827531436925,57.05,58.7,rain,,63.21,90.16,67.72,90.24
"Natural Gas, Panhandle East, $ per MMBtu-I",2.53,2017-09-27,0.9282193027394288,50.02,68.33,rain,,53.01,69.32,53.39,79.04
"Natural Gas, Panhandle East, $ per MMBtu-I",2.49,2017-09-28,0.9122827104766164,57.02,74.8,,,58.92,69.51,48.22,72.58
"Natural Gas, Panhandle East, $ per MMBtu-I",2.41,2017-09-29,0.8796267475025636,59.27,78.41,,,55.14,66.33,49.19,76.68
"Natural Gas, Panhandle East, $ per MMBtu-I",2.41,2017-10-02,0.8796267475025636,69.23,85.08,,,67.27,81.02,60.43,78.89
"Natural Gas, Panhandle East, $ per MMBtu-I",2.32,2017-10-03,0.8415671856782185,63.59,78.1,,,70.39,77.04,68.05,82.88
"Natural Gas, Panhandle East, $ per MMBtu-I",2.49,2017-10-04,0.9122827104766164,66.75,69.37,rain,,56.48,71.04,65.76,76.12
"Natural Gas, Panhandle East, $ per MMBtu-I",2.53,2017-10-05,0.9282193027394288,68.04,72.79,rain,,60.81,72.03,65.82,70.46
"Natural Gas, Panhandle East, $ per MMBtu-I",2.51,2017-10-06,0.9202827531436925,54.41,81.85,rain,,66.18,67.69,66.4,76.27
"Natural Gas, Panhandle East, $ per MMBtu-I",2.47,2017-10-09,0.9042181506398859,42.24,67.31,,,60.99,78.68,60.99,73.38
"Natural Gas, Panhandle East, $ per MMBtu-I",2.47,2017-10-10,0.9042181506398859,36.32,51.54,rain,,56.8,62.73,58.53,71.11
"Natural Gas, Panhandle East, $ per MMBtu-I",2.53,2017-10-11,0.9282193027394288,50.69,66.03,,,55.94,57.72,57.59,63.85
"Natural Gas, Panhandle East, $ per MMBtu-I",2.5,2017-10-12,0.9162907318741551,62.97,81.49,,,54.44,59.21,57.81,64.63
"Natural Gas, Panhandle East, $ per MMBtu-I",2.57,2017-10-13,0.9439058989071284,60.1,78.49,,,61.34,72.21,60.12,73.12
"Natural Gas, Panhandle East, $ per MMBtu-I",2.55,2017-10-16,0.9360933591703348,47.46,69.96,,,48.8,62.57,40.84,61.57
"Natural Gas, Panhandle East, $ per MMBtu-I",2.58,2017-10-17,0.9477893989335261,51.13,74.54,,,49.24,70.12,42.25,67.0
"Natural Gas, Panhandle East, $ per MMBtu-I",2.48,2017-10-18,0.9082585601768908,48.85,78.25,,,52.26,70.42,48.41,69.25
"Natural Gas, Panhandle East, $ per MMBtu-I",2.42,2017-10-19,0.883767540168595,57.51,79.21,,,54.86,66.47,48.69,74.54
"Natural Gas, Panhandle East, $ per MMBtu-I",2.46,2017-10-20,0.9001613499442714,67.5,75.86,,,61.72,78.28,52.64,76.11
"Natural Gas, Panhandle East, $ per MMBtu-I",2.68,2017-10-23,0.9858167945227654,46.06,68.32,,,45.63,52.9,47.04,62.87
"Natural Gas, Panhandle East, $ per MMBtu-I",2.64,2017-10-24,0.9707789171582248,37.76,61.05,,,37.67,46.51,38.59,48.08
"Natural Gas, Panhandle East, $ per MMBtu-I",2.65,2017-10-25,0.9745596399981308,46.77,80.31,,,38.3,52.05,32.88,48.67
"Natural Gas, Panhandle East, $ per MMBtu-I",2.65,2017-10-26,0.9745596399981308,31.95,70.64,,,39.34,58.96,47.37,61.77
"Natural Gas, Panhandle East, $ per MMBtu-I",2.56,2017-10-27,0.9400072584914712,22.24,45.24,,,36.17,40.52,36.43,50.0
"Natural Gas, Panhandle East, $ per MMBtu-I",2.69,2017-10-30,0.9895411936137477,28.22,51.82,,,34.59,48.1,34.57,43.65
"Natural Gas, Panhandle East, $ per MMBtu-I",2.47,2017-10-31,0.9042181506398859,34.29,41.02,,,35.97,39.38,34.27,43.71
"Natural Gas, Panhandle East, $ per MMBtu-I",2.48,2017-11-02,0.9082585601768908,38.57,52.92,,,40.69,50.7,48.84,65.42
"Natural Gas, Panhandle East, $ per MMBtu-I",2.49,2017-11-03,0.9122827104766164,41.37,43.71,,,43.81,47.31,42.97,57.43
"Natural Gas, Panhandle East, $ per MMBtu-I",2.7,2017-11-06,0.9932517730102834,31.98,47.91,,,39.16,40.8,42.5,51.0
"Natural Gas, Panhandle East, $ per MMBtu-I",2.73,2017-11-07,1.0043016091968684,25.15,42.0,,,29.34,44.64,35.26,49.02
"Natural Gas, Panhandle East, $ per MMBtu-I",2.84,2017-11-08,1.0438040521731147,26.4,52.16,,,33.96,46.5,29.93,50.89
"Natural Gas, Panhandle East, $ per MMBtu-I",2.92,2017-11-09,1.0715836162801904,30.8,52.47,,,19.45,44.72,26.47,54.66
"Natural Gas, Panhandle East, $ per MMBtu-I",2.79,2017-11-10,1.0260415958332743,39.67,55.78,,,25.87,29.5,24.5,33.88
"Natural Gas, Panhandle East, $ per MMBtu-I",2.76,2017-11-13,1.0152306797290584,49.96,51.98,rain,,32.56,40.5,31.49,44.22
"Natural Gas, Panhandle East, $ per MMBtu-I",2.68,2017-11-14,0.9858167945227654,44.87,60.14,rain,,43.66,48.56,41.37,51.02
"Natural Gas, Panhandle East, $ per MMBtu-I",2.7,2017-11-15,0.9932517730102834,31.54,58.4,,,32.66,50.55,32.73,48.89
"Natural Gas, Panhandle East, $ per MMBtu-I",2.64,2017-11-16,0.9707789171582248,57.04,61.27,,,34.98,37.29,34.28,37.55
"Natural Gas, Panhandle East, $ per MMBtu-I",2.57,2017-11-17,0.9439058989071284,42.85,74.22,,,42.77,43.96,46.76,47.7
"Natural Gas, Panhandle East, $ per MMBtu-I",2.58,2017-11-20,0.9477893989335261,40.01,62.77,,,42.2,52.52,38.73,50.2
"Natural Gas, Panhandle East, $ per MMBtu-I",2.66,2017-11-21,0.9783261227936078,20.09,52.64,,,22.98,43.65,25.64,53.5
"Natural Gas, Panhandle East, $ per MMBtu-I",2.36,2017-11-22,0.8586616190375187,33.25,48.61,,,30.89,34.46,27.09,38.62
"Natural Gas, Panhandle East, $ per MMBtu-I",2.3,2017-11-27,0.8329091229351039,53.83,73.03,,,51.32,54.93,44.15,62.63
"Natural Gas, Panhandle East, $ per MMBtu-I",2.41,2017-11-28,0.8796267475025636,43.31,56.87,,,36.15,61.11,40.53,64.79
"Natural Gas, Panhandle East, $ per MMBtu-I",2.46,2017-11-29,0.9001613499442714,35.95,53.89,rain,,40.83,45.96,42.13,56.8
"Natural Gas, Panhandle East, $ per MMBtu-I",2.36,2017-11-30,0.8586616190375187,33.53,55.48,,,30.7,53.52,27.36,53.7
"Natural Gas, Panhandle East, $ per MMBtu-I",2.35,2017-12-01,0.8544153281560676,32.58,60.38,,,36.42,52.25,29.98,52.71
"Natural Gas, Panhandle East, $ per MMBtu-I",2.56,2017-12-04,0.9400072584914712,26.94,62.51,,,30.96,63.79,40.11,64.19
"Natural Gas, Panhandle East, $ per MMBtu-I",2.5,2017-12-05,0.9162907318741551,27.21,49.09,,,27.48,33.98,28.08,41.55
"Natural Gas, Panhandle East, $ per MMBtu-I",2.67,2017-12-06,0.9820784724121582,15.0,48.55,,,19.3,34.49,25.08,41.76
"Natural Gas, Panhandle East, $ per MMBtu-I",2.42,2017-12-07,0.883767540168595,14.63,31.2,,,18.02,27.84,15.3,27.47
"Natural Gas, Panhandle East, $ per MMBtu-I",2.34,2017-12-08,0.85015092936961,27.58,46.7,,,27.69,36.15,23.33,32.28
"Natural Gas, Panhandle East, $ per MMBtu-I",2.41,2017-12-11,0.8796267475025636,25.28,63.03,,,17.89,37.92,25.0,44.73
"Natural Gas, Panhandle East, $ per MMBtu-I",2.4,2017-12-12,0.8754687373538999,32.07,52.9,,,18.48,22.1,17.97,28.06
"Natural Gas, Panhandle East, $ per MMBtu-I",2.29,2017-12-13,0.8285518175661483,31.18,62.36,,,17.51,36.97,23.9,42.29
"Natural Gas, Panhandle East, $ per MMBtu-I",2.28,2017-12-14,0.8241754429663494,23.85,48.05,,,20.37,27.01,22.95,30.39
"Natural Gas, Panhandle East, $ per MMBtu-I",2.24,2017-12-15,0.8064758658669485,31.11,50.98,,,34.05,33.69,31.17,31.88
"Natural Gas, Panhandle East, $ per MMBtu-I",2.32,2017-12-18,0.8415671856782185,40.15,57.6,,,38.73,44.71,41.29,45.96
"Natural Gas, Panhandle East, $ per MMBtu-I",2.37,2017-12-19,0.8628899551470398,42.67,52.42,,,29.91,49.82,31.82,47.2
"Natural Gas, Panhandle East, $ per MMBtu-I",2.31,2017-12-20,0.8372475245337022,43.93,50.16,,,31.87,33.84,28.06,44.92
"Natural Gas, Panhandle East, $ per MMBtu-I",2.32,2017-12-21,0.8415671856782185,23.42,53.86,,,36.0,38.76,45.68,50.86
"Natural Gas, Panhandle East, $ per MMBtu-I",2.35,2017-12-22,0.8544153281560676,16.81,33.09,,,27.38,38.32,33.72,52.13
"Natural Gas, Panhandle East, $ per MMBtu-I",2.56,2017-12-26,0.9400072584914712,10.01,17.68,,,-2.54,6.2,-1.22,11.72
"Natural Gas, Panhandle East, $ per MMBtu-I",2.65,2017-12-27,0.9745596399981308,18.73,18.95,,,1.61,7.97,3.38,11.01
"Natural Gas, Panhandle East, $ per MMBtu-I",3.39,2017-12-28,1.220829921392359,17.02,37.82,,,9.36,13.82,16.48,18.36
"Natural Gas, Panhandle East, $ per MMBtu-I",4.27,2017-12-29,1.451613827240533,7.7,38.08,,,5.12,14.87,16.01,18.45
"Natural Gas, Panhandle East, $ per MMBtu-I",7.22,2018-01-02,1.9768549529047348,13.92,25.24,,,2.41,7.63,1.54,11.87
"Natural Gas, Panhandle East, $ per MMBtu-I",5.88,2018-01-03,1.7715567619105355,13.12,33.71,,,1.63,17.12,1.96,20.6
"Natural Gas, Panhandle East, $ per MMBtu-I",3.39,2018-01-04,1.220829921392359,18.24,38.91,,,0.05,12.26,-4.93,14.26
"Natural Gas, Panhandle East, $ per MMBtu-I",2.48,2018-01-05,0.9082585601768908,13.45,38.03,,,-0.03,11.24,-6.43,10.92
"Natural Gas, Panhandle East, $ per MMBtu-I",2.35,2018-01-08,0.8544153281560676,35.69,54.71,,,27.48,37.13,29.25,36.21
"Natural Gas, Panhandle East, $ per MMBtu-I",2.35,2018-01-09,0.8544153281560676,38.74,57.61,,,29.81,34.51,32.76,36.51
"Natural Gas, Panhandle East, $ per MMBtu-I",2.55,2018-01-10,0.9360933591703348,18.14,58.48,,,52.94,51.98,53.6,53.7
"Natural Gas, Panhandle East, $ per MMBtu-I",2.84,2018-01-11,1.0438040521731147,5.9,19.96,snow,0.358,21.82,57.92,25.72,57.02
"Natural Gas, Panhandle East, $ per MMBtu-I",3.22,2018-01-12,1.169381359556317,13.48,17.07,,,7.17,22.55,12.52,28.6
"Natural Gas, Panhandle East, $ per MMBtu-I",3.94,2018-01-16,1.3711807233098425,2.12,14.59,,,6.05,24.37,3.59,6.92
"Natural Gas, Panhandle East, $ per MMBtu-I",2.85,2018-01-17,1.0473189942805592,17.69,32.91,,,16.94,21.11,10.43,20.18
"Natural Gas, Panhandle East, $ per MMBtu-I",2.47,2018-01-18,0.9042181506398859,27.55,50.66,,,28.18,32.16,21.37,32.17
"Natural Gas, Panhandle East, $ per MMBtu-I",2.53,2018-01-19,0.9282193027394288,40.55,55.95,,,33.46,39.04,33.18,40.86
"Natural Gas, Panhandle East, $ per MMBtu-I",2.56,2018-01-22,0.9400072584914712,21.71,40.24,snow,0.097,31.02,53.28,34.46,53.54
"Natural Gas, Panhandle East, $ per MMBtu-I",2.76,2018-01-23,1.0152306797290584,21.36,47.74,,,27.43,31.58,29.67,36.38
"Natural Gas, Panhandle East, $ per MMBtu-I",2.86,2018-01-24,1.0508216248317612,32.6,55.39,,,25.45,29.35,21.88,29.95
"Natural Gas, Panhandle East, $ per MMBtu-I",2.76,2018-01-25,1.0152306797290584,44.56,66.55,,,36.41,44.45,33.54,43.72
"Natural Gas, Panhandle East, $ per MMBtu-I",2.8,2018-01-26,1.0296194171811581,26.24,62.55,,,41.83,50.95,44.92,57.88
"Natural Gas, Panhandle East, $ per MMBtu-I",2.71,2018-01-29,0.9969486348916096,25.76,37.62,,,15.11,25.45,19.92,31.07
"Natural Gas, Panhandle East, $ per MMBtu-I",2.59,2018-01-30,0.9516578757114463,35.84,56.34,,,29.19,30.18,28.77,32.15
"Natural Gas, Panhandle East, $ per MMBtu-I",2.5,2018-01-31,0.9162907318741551,32.18,53.91,,,26.09,41.96,37.17,48.23
"Natural Gas, Panhandle East, $ per MMBtu-I",2.41,2018-02-01,0.8796267475025636,13.97,33.42,,,4.91,29.6,9.4,38.09
"Natural Gas, Panhandle East, $ per MMBtu-I",2.1,2018-02-02,0.7419373447293773,32.17,40.86,,,18.99,19.82,16.61,22.26
"Natural Gas, Panhandle East, $ per MMBtu-I",2.19,2018-02-05,0.7839015438284094,14.11,39.13,,,6.74,12.32,18.74,24.01
"Natural Gas, Panhandle East, $ per MMBtu-I",2.19,2018-02-06,0.7839015438284094,9.69,27.47,,,15.35,20.73,20.44,25.96
"Natural Gas, Panhandle East, $ per MMBtu-I",2.12,2018-02-07,0.7514160886839212,23.3,37.2,,,8.55,20.17,11.33,27.86
"Natural Gas, Panhandle East, $ per MMBtu-I",2.2,2018-02-08,0.7884573603642703,27.43,58.73,,,19.44,21.05,28.21,29.32
"Natural Gas, Panhandle East, $ per MMBtu-I",2.36,2018-02-09,0.8586616190375187,12.73,31.06,,,17.1,27.49,28.81,50.85
"Natural Gas, Panhandle East, $ per MMBtu-I",2.28,2018-02-12,0.8241754429663494,23.46,41.11,,,16.31,24.95,21.01,35.76
"Natural Gas, Panhandle East, $ per MMBtu-I",2.16,2018-02-13,0.7701082216960737,39.24,55.68,,,27.95,34.82,37.0,42.31
"Natural Gas, Panhandle East, $ per MMBtu-I",2.06,2018-02-14,0.7227059828014898,58.38,69.37,,,39.54,45.47,51.64,51.3
"Natural Gas, Panhandle East, $ per MMBtu-I",2.14,2018-02-15,0.7608058290337602,22.62,68.24,,,32.24,46.37,38.03,63.3
"Natural Gas, Panhandle East, $ per MMBtu-I",2.02,2018-02-16,0.7030975114131134,31.3,38.81,,,16.15,35.16,26.41,39.5
"Natural Gas, Panhandle East, $ per MMBtu-I",2.46,2018-02-20,0.9001613499442714,12.47,24.69,snow,0.029,28.01,64.34,39.46,75.33
"Natural Gas, Panhandle East, $ per MMBtu-I",2.36,2018-02-21,0.8586616190375187,23.7,25.97,,,28.69,30.72,37.53,41.53
"Natural Gas, Panhandle East, $ per MMBtu-I",2.31,2018-02-22,0.8372475245337022,30.66,30.69,snow,0.1,38.25,38.27,43.77,45.13
"Natural Gas, Panhandle East, $ per MMBtu-I",2.18,2018-02-23,0.7793248768009977,30.84,32.58,snow,0.25,33.43,43.37,41.01,54.74
"Natural Gas, Panhandle East, $ per MMBtu-I",2.08,2018-02-26,0.7323678937132266,41.11,62.71,,,41.57,53.62,33.47,55.0
"Natural Gas, Panhandle East, $ per MMBtu-I",2.04,2018-02-27,0.712949807856125,52.96,65.05,,,50.17,61.46,51.17,62.0
"Natural Gas, Panhandle East, $ per MMBtu-I",2.09,2018-02-28,0.7371640659767196,28.54,65.35,,,36.53,58.0,52.31,59.36
"Natural Gas, Panhandle East, $ per MMBtu-I",2.13,2018-03-01,0.7561219797213337,32.7,55.06,,,30.34,40.36,32.91,55.63
"Natural Gas, Panhandle East, $ per MMBtu-I",2.0,2018-03-02,0.6931471805599453,45.38,65.14,,,31.65,43.52,28.24,47.31
"Natural Gas, Panhandle East, $ per MMBtu-I",2.13,2018-03-05,0.7561219797213337,36.58,54.8,,,33.36,38.9,33.43,45.63
"Natural Gas, Panhandle East, $ per MMBtu-I",2.21,2018-03-06,0.7929925155296614,21.37,48.32,,,26.11,39.24,31.84,51.43
"Natural Gas, Panhandle East, $ per MMBtu-I",2.33,2018-03-07,0.8458682675776092,20.38,51.88,,,23.7,32.75,24.01,36.46
"Natural Gas, Panhandle East, $ per MMBtu-I",2.23,2018-03-08,0.8020015854720274,30.27,57.89,,,22.7,33.61,21.82,29.81
"Natural Gas, Panhandle East, $ per MMBtu-I",2.09,2018-03-09,0.7371640659767196,36.55,71.7,,,24.82,37.14,27.62,42.1
"Natural Gas, Panhandle East, $ per MMBtu-I",2.26,2018-03-12,0.8153648132841944,26.81,52.02,,,28.41,42.08,28.33,38.95
"Natural Gas, Panhandle East, $ per MMBtu-I",2.21,2018-03-13,0.7929925155296614,23.32,54.83,,,22.45,33.46,22.2,37.11
"Natural Gas, Panhandle East, $ per MMBtu-I",2.13,2018-03-14,0.7561219797213337,44.63,67.4,,,30.93,47.07,33.55,41.79
"Natural Gas, Panhandle East, $ per MMBtu-I",2.13,2018-03-15,0.7561219797213337,55.3,76.68,,,28.83,43.76,25.02,53.32
"Natural Gas, Panhandle East, $ per MMBtu-I",2.06,2018-03-16,0.7227059828014898,31.49,66.01,,,31.88,35.36,32.85,43.77
"Natural Gas, Panhandle East, $ per MMBtu-I",2.1,2018-03-19,0.7419373447293773,36.68,41.9,rain,,28.35,42.5,29.01,58.37
"Natural Gas, Panhandle East, $ per MMBtu-I",2.18,2018-03-20,0.7793248768009977,28.14,51.99,rain,,29.58,34.31,27.5,40.98
"Natural Gas, Panhandle East, $ per MMBtu-I",2.13,2018-03-21,0.7561219797213337,43.55,58.32,,,26.66,37.69,24.62,45.56
"Natural Gas, Panhandle East, $ per MMBtu-I",2.06,2018-03-22,0.7227059828014898,53.8,72.45,,,30.03,44.27,27.25,47.47
"Natural Gas, Panhandle East, $ per MMBtu-I",2.01,2018-03-23,0.6981347220709843,47.17,72.43,,,33.39,40.22,31.92,48.58
"Natural Gas, Panhandle East, $ per MMBtu-I",1.92,2018-03-26,0.6523251860396901,41.18,60.35,rain,,46.21,51.01,48.63,52.8
"Natural Gas, Panhandle East, $ per MMBtu-I",1.97,2018-03-27,0.6780335427498971,35.4,47.11,rain,,38.94,50.71,45.87,54.63
"Natural Gas, Panhandle East, $ per MMBtu-I",2.0,2018-03-28,0.6931471805599453,41.75,59.51,,,41.87,49.92,52.39,55.18
"Natural Gas, Panhandle East, $ per MMBtu-I",2.12,2018-03-29,0.7514160886839212,28.87,48.89,,,34.26,46.37,37.87,52.57
"Natural Gas, Panhandle East, $ per MMBtu-I",2.29,2018-04-02,0.8285518175661483,37.37,45.78,,,38.64,41.07,40.86,45.42
"Natural Gas, Panhandle East, $ per MMBtu-I",2.43,2018-04-03,0.8878912573524571,21.98,48.05,,,26.66,38.87,32.44,65.66
"Natural Gas, Panhandle East, $ per MMBtu-I",2.45,2018-04-04,0.8960880245566357,44.32,53.08,,,24.73,33.73,26.75,35.12
"Natural Gas, Panhandle East, $ per MMBtu-I",2.43,2018-04-05,0.8878912573524571,41.43,70.82,,,34.1,41.18,43.73,48.58
"Natural Gas, Panhandle East, $ per MMBtu-I",2.39,2018-04-06,0.8712933659434193,17.68,43.14,rain,,20.74,36.87,26.88,51.55
"Natural Gas, Panhandle East, $ per MMBtu-I",2.36,2018-04-09,0.8586616190375187,26.73,53.26,rain,,28.32,35.83,28.91,40.19
"Natural Gas, Panhandle East, $ per MMBtu-I",2.19,2018-04-10,0.7839015438284094,50.65,72.21,,,38.88,44.29,32.31,42.41
"Natural Gas, Panhandle East, $ per MMBtu-I",2.16,2018-04-11,0.7701082216960737,55.18,81.46,,,46.67,64.09,52.77,64.03
"Natural Gas, Panhandle East, $ per MMBtu-I",2.24,2018-04-12,0.8064758658669485,68.97,86.26,,,40.04,72.35,64.17,77.71
"Natural Gas, Panhandle East, $ per MMBtu-I",2.34,2018-04-13,0.85015092936961,30.25,72.7,,,38.07,47.1,60.04,76.99
"Natural Gas, Panhandle East, $ per MMBtu-I",2.56,2018-04-16,0.9400072584914712,42.94,63.03,,,29.2,33.86,31.51,33.39
"Natural Gas, Panhandle East, $ per MMBtu-I",2.38,2018-04-17,0.8671004876833833,46.7,84.83,,,31.02,40.32,33.81,45.24
"Natural Gas, Panhandle East, $ per MMBtu-I",2.3,2018-04-18,0.8329091229351039,31.23,59.17,,,33.11,35.84,34.87,66.46
"Natural Gas, Panhandle East, $ per MMBtu-I",2.13,2018-04-19,0.7561219797213337,39.99,59.53,,,34.26,49.7,31.02,55.12
"Natural Gas, Panhandle East, $ per MMBtu-I",2.08,2018-04-20,0.7323678937132266,45.35,65.18,,,37.88,58.21,39.91,59.89
"Natural Gas, Panhandle East, $ per MMBtu-I",2.03,2018-04-23,0.7080357930536959,45.7,71.75,,,46.42,57.04,51.52,56.16
"Natural Gas, Panhandle East, $ per MMBtu-I",2.13,2018-04-24,0.7561219797213337,43.59,72.08,,,41.83,61.57,50.63,55.94
"Natural Gas, Panhandle East, $ per MMBtu-I",2.07,2018-04-25,0.7275486072772777,33.93,48.0,rain,,34.34,49.07,37.67,64.26
"Natural Gas, Panhandle East, $ per MMBtu-I",2.11,2018-04-26,0.7466879474879751,38.62,67.53,,,42.93,63.63,41.62,65.51
"Natural Gas, Panhandle East, $ per MMBtu-I",2.0,2018-04-27,0.6931471805599453,48.44,75.94,,,36.89,53.8,40.95,65.68
"Natural Gas, Panhandle East, $ per MMBtu-I",1.79,2018-04-30,0.5822156198526637,65.69,80.79,,,57.97,79.24,48.1,74.54
"Natural Gas, Panhandle East, $ per MMBtu-I",1.86,2018-05-01,0.62057648772511,70.79,77.26,,,69.3,84.81,62.64,82.04
"Natural Gas, Panhandle East, $ per MMBtu-I",1.88,2018-05-02,0.6312717768418578,60.11,80.98,rain,,62.49,85.92,71.26,83.92
"Natural Gas, Panhandle East, $ per MMBtu-I",1.81,2018-05-03,0.5933268452777344,51.76,81.66,rain,,55.33,63.37,63.95,73.57
"Natural Gas, Panhandle East, $ per MMBtu-I",1.91,2018-05-04,0.6471032420585384,52.06,75.05,,,56.28,74.31,52.68,76.21
"Natural Gas, Panhandle East, $ per MMBtu-I",1.99,2018-05-07,0.688134638736401,69.43,89.43,,,56.65,72.94,46.55,73.05
"Natural Gas, Panhandle East, $ per MMBtu-I",1.94,2018-05-08,0.6626879730752367,58.21,87.6,,,59.74,81.16,52.57,78.44
"Natural Gas, Panhandle East, $ per MMBtu-I",1.85,2018-05-09,0.6151856390902335,62.8,89.28,,,57.86,81.01,59.57,81.18
"Natural Gas, Panhandle East, $ per MMBtu-I",1.99,2018-05-10,0.688134638736401,67.76,87.41,rain,,47.08,69.53,59.65,81.12
"Natural Gas, Panhandle East, $ per MMBtu-I",1.91,2018-05-11,0.6471032420585384,69.18,89.03,,,44.23,51.8,71.01,84.5
"Natural Gas, Panhandle East, $ per MMBtu-I",2.12,2018-05-14,0.7514160886839212,64.59,89.02,rain,,61.2,82.65,68.61,89.04
"Natural Gas, Panhandle East, $ per MMBtu-I",2.17,2018-05-15,0.7747271675523681,62.05,81.15,rain,,47.59,65.88,64.71,82.29
"Natural Gas, Panhandle East, $ per MMBtu-I",2.08,2018-05-16,0.7323678937132266,59.21,83.67,rain,,54.48,77.61,58.38,78.95
"Natural Gas, Panhandle East, $ per MMBtu-I",1.99,2018-05-17,0.688134638736401,62.39,86.6,,,51.33,65.48,62.7,82.68
"Natural Gas, Panhandle East, $ per MMBtu-I",1.97,2018-05-18,0.6780335427498971,62.69,84.73,rain,,53.69,61.73,65.83,71.79
"Natural Gas, Panhandle East, $ per MMBtu-I",1.98,2018-05-21,0.6830968447064438,63.59,79.51,,,53.23,62.99,65.03,82.11
"Natural Gas, Panhandle East, $ per MMBtu-I",2.15,2018-05-22,0.7654678421395714,65.67,86.08,,,51.33,59.36,58.41,82.94
"Natural Gas, Panhandle East, $ per MMBtu-I",2.34,2018-05-23,0.85015092936961,65.83,87.96,,,56.58,75.71,59.36,82.34
"Natural Gas, Panhandle East, $ per MMBtu-I",2.39,2018-05-24,0.8712933659434193,62.75,84.51,rain,,66.25,83.94,60.05,84.22
"Natural Gas, Panhandle East, $ per MMBtu-I",2.4,2018-05-25,0.8754687373538999,65.87,88.23,rain,,69.22,88.99,69.97,87.3
"Natural Gas, Panhandle East, $ per MMBtu-I",2.21,2018-05-29,0.7929925155296614,60.61,85.65,rain,,68.57,77.59,74.27,88.47
"Natural Gas, Panhandle East, $ per MMBtu-I",2.38,2018-05-30,0.8671004876833833,65.39,89.68,,,69.34,83.23,69.83,79.12
"Natural Gas, Panhandle East, $ per MMBtu-I",2.3,2018-05-31,0.8329091229351039,70.58,88.32,rain,,69.49,86.93,70.37,86.25
"Natural Gas, Panhandle East, $ per MMBtu-I",2.31,2018-06-01,0.8372475245337022,66.88,91.97,,,50.88,72.02,62.14,86.41
"Natural Gas, Panhandle East, $ per MMBtu-I",2.38,2018-06-04,0.8671004876833833,64.19,84.02,,,66.9,79.21,59.94,77.84
"Natural Gas, Panhandle East, $ per MMBtu-I",2.39,2018-06-05,0.8712933659434193,68.02,90.3,,,49.94,69.08,54.87,85.34
"Natural Gas, Panhandle East, $ per MMBtu-I",2.35,2018-06-06,0.8544153281560676,67.92,94.07,,,63.0,75.74,62.88,79.63
"Natural Gas, Panhandle East, $ per MMBtu-I",2.39,2018-06-07,0.8712933659434193,66.18,81.02,rain,,58.16,75.89,69.98,89.52
"Natural Gas, Panhandle East, $ per MMBtu-I",2.21,2018-06-08,0.7929925155296614,72.82,90.35,,,56.2,68.01,67.07,89.87
"Natural Gas, Panhandle East, $ per MMBtu-I",2.44,2018-06-11,0.8919980393051105,71.84,96.33,,,63.99,67.35,67.57,76.95
"Natural Gas, Panhandle East, $ per MMBtu-I",2.42,2018-06-12,0.883767540168595,73.29,91.32,rain,,69.16,77.62,69.09,78.53
"Natural Gas, Panhandle East, $ per MMBtu-I",2.42,2018-06-13,0.883767540168595,73.5,91.8,,,62.09,78.46,54.13,84.29
"Natural Gas, Panhandle East, $ per MMBtu-I",2.32,2018-06-14,0.8415671856782185,75.91,97.43,,,63.53,78.7,64.51,81.78
"Natural Gas, Panhandle East, $ per MMBtu-I",2.12,2018-06-15,0.7514160886839212,76.48,96.1,,,68.7,86.32,70.05,87.87
"Natural Gas, Panhandle East, $ per MMBtu-I",2.27,2018-06-18,0.8197798314933114,74.79,91.91,rain,,64.04,93.46,77.34,91.24
"Natural Gas, Panhandle East, $ per MMBtu-I",2.25,2018-06-19,0.8109302162163288,63.75,89.33,,,64.98,76.68,71.09,91.22
"Natural Gas, Panhandle East, $ per MMBtu-I",2.22,2018-06-20,0.7975071958841882,62.46,86.49,rain,,64.4,71.97,72.62,84.83
"Natural Gas, Panhandle East, $ per MMBtu-I",2.2,2018-06-21,0.7884573603642703,62.12,84.99,,,60.48,65.88,66.28,77.17
"Natural Gas, Panhandle East, $ per MMBtu-I",1.97,2018-06-22,0.6780335427498971,62.43,82.42,rain,,60.7,62.32,65.07,76.35
"Natural Gas, Panhandle East, $ per MMBtu-I",2.01,2018-06-25,0.6981347220709843,69.89,83.17,rain,,65.77,75.35,68.55,77.32
"Natural Gas, Panhandle East, $ per MMBtu-I",2.07,2018-06-26,0.7275486072772777,72.29,92.22,rain,,68.89,80.97,69.7,75.39
"Natural Gas, Panhandle East, $ per MMBtu-I",2.25,2018-06-27,0.8109302162163288,74.6,97.18,rain,,65.64,74.15,68.09,83.29
"Natural Gas, Panhandle East, $ per MMBtu-I",2.28,2018-06-28,0.8241754429663494,75.99,97.81,,,72.06,82.21,69.77,86.13
"Natural Gas, Panhandle East, $ per MMBtu-I",2.23,2018-06-29,0.8020015854720274,75.86,94.49,,,78.71,93.23,73.05,90.54
"Natural Gas, Panhandle East, $ per MMBtu-I",2.25,2018-07-02,0.8109302162163288,74.42,89.61,,,64.01,79.23,74.01,88.57
"Natural Gas, Panhandle East, $ per MMBtu-I",2.35,2018-07-03,0.8544153281560676,73.15,95.62,,,74.79,86.99,74.3,89.97
"Natural Gas, Panhandle East, $ per MMBtu-I",2.49,2018-07-05,0.9122827104766164,72.42,91.88,,,68.83,89.93,71.57,90.27
"Natural Gas, Panhandle East, $ per MMBtu-I",2.33,2018-07-06,0.8458682675776092,71.04,88.08,rain,,60.0,72.26,59.0,81.54
"Natural Gas, Panhandle East, $ per MMBtu-I",2.44,2018-07-09,0.8919980393051105,71.33,91.72,,,76.1,89.72,71.43,89.95
"Natural Gas, Panhandle East, $ per MMBtu-I",2.41,2018-07-10,0.8796267475025636,72.46,93.52,,,68.44,81.61,68.35,91.01
"Natural Gas, Panhandle East, $ per MMBtu-I",2.53,2018-07-11,0.9282193027394288,73.6,94.9,,,69.09,82.74,62.59,85.83
"Natural Gas, Panhandle East, $ per MMBtu-I",2.5,2018-07-12,0.9162907318741551,74.35,95.64,,,70.58,85.57,63.24,84.13
"Natural Gas, Panhandle East, $ per MMBtu-I",2.48,2018-07-13,0.9082585601768908,70.08,95.63,rain,,72.15,90.92,67.82,89.44
"Natural Gas, Panhandle East, $ per MMBtu-I",2.48,2018-07-16,0.9082585601768908,73.18,90.06,rain,,69.66,85.93,69.38,87.09
"Natural Gas, Panhandle East, $ per MMBtu-I",2.55,2018-07-17,0.9360933591703348,72.45,84.9,rain,,63.61,78.11,58.28,86.66
"Natural Gas, Panhandle East, $ per MMBtu-I",2.47,2018-07-18,0.9042181506398859,71.45,89.84,,,63.74,76.86,63.36,84.34
"Natural Gas, Panhandle East, $ per MMBtu-I",2.43,2018-07-19,0.8878912573524571,71.91,96.36,rain,,72.2,85.66,69.88,86.18
"Natural Gas, Panhandle East, $ per MMBtu-I",2.43,2018-07-20,0.8878912573524571,69.37,95.16,,,68.68,75.49,68.13,87.1
"Natural Gas, Panhandle East, $ per MMBtu-I",2.5,2018-07-23,0.9162907318741551,70.56,88.37,,,66.67,75.72,63.85,74.37
"Natural Gas, Panhandle East, $ per MMBtu-I",2.52,2018-07-24,0.9242589015233319,67.81,91.12,,,67.47,81.52,65.63,83.35
"Natural Gas, Panhandle East, $ per MMBtu-I",2.54,2018-07-25,0.9321640810304452,70.98,92.15,rain,,70.3,85.05,63.12,84.66
"Natural Gas, Panhandle East, $ per MMBtu-I",2.5,2018-07-26,0.9162907318741551,62.1,81.17,rain,,61.2,79.11,59.84,82.83
"Natural Gas, Panhandle East, $ per MMBtu-I",2.45,2018-07-27,0.8960880245566357,67.79,87.28,,,60.32,74.14,58.4,77.67
"Natural Gas, Panhandle East, $ per MMBtu-I",2.37,2018-07-30,0.8628899551470398,60.4,76.09,rain,,65.9,76.68,65.52,71.08
"Natural Gas, Panhandle East, $ per MMBtu-I",2.25,2018-07-31,0.8109302162163288,60.01,80.88,,,63.28,75.27,63.2,71.58
"Natural Gas, Panhandle East, $ per MMBtu-I",2.2,2018-08-01,0.7884573603642703,62.1,83.9,,,68.12,83.35,61.15,77.04
"Natural Gas, Panhandle East, $ per MMBtu-I",2.45,2018-08-02,0.8960880245566357,67.74,88.3,,,64.14,84.05,64.59,83.62
"Natural Gas, Panhandle East, $ per MMBtu-I",2.42,2018-08-03,0.883767540168595,69.02,90.5,,,71.04,81.92,70.07,85.02
"Natural Gas, Panhandle East, $ per MMBtu-I",2.39,2018-08-06,0.8712933659434193,65.88,94.01,,,70.34,80.27,69.13,88.98
"Natural Gas, Panhandle East, $ per MMBtu-I",2.33,2018-08-07,0.8458682675776092,68.2,84.8,rain,,68.84,80.03,71.46,83.74
"Natural Gas, Panhandle East, $ per MMBtu-I",2.33,2018-08-08,0.8458682675776092,66.47,87.45,,,68.39,79.75,65.15,83.65
"Natural Gas, Panhandle East, $ per MMBtu-I",2.4,2018-08-09,0.8754687373538999,68.41,90.32,,,70.74,88.73,70.0,85.11
"Natural Gas, Panhandle East, $ per MMBtu-I",2.32,2018-08-10,0.8415671856782185,63.78,90.31,,,68.32,79.67,67.05,84.73
"Natural Gas, Panhandle East, $ per MMBtu-I",2.36,2018-08-13,0.8586616190375187,68.68,76.68,rain,,68.57,85.93,65.61,83.72
"Natural Gas, Panhandle East, $ per MMBtu-I",2.4,2018-08-14,0.8754687373538999,69.22,78.0,rain,,73.01,87.32,70.67,84.91
"Natural Gas, Panhandle East, $ per MMBtu-I",2.35,2018-08-15,0.8544153281560676,67.23,83.4,,,71.36,82.32,68.34,75.96
"Natural Gas, Panhandle East, $ per MMBtu-I",2.47,2018-08-16,0.9042181506398859,69.94,90.36,,,69.3,82.06,69.89,79.26
"Natural Gas, Panhandle East, $ per MMBtu-I",2.41,2018-08-17,0.8796267475025636,66.72,83.77,rain,,71.11,78.95,69.13,77.27
"Natural Gas, Panhandle East, $ per MMBtu-I",2.42,2018-08-20,0.883767540168595,60.66,77.51,,,69.06,76.58,69.69,81.61
"Natural Gas, Panhandle East, $ per MMBtu-I",2.42,2018-08-21,0.883767540168595,65.02,79.68,,,59.14,74.34,64.84,79.15
"Natural Gas, Panhandle East, $ per MMBtu-I",2.42,2018-08-22,0.883767540168595,66.03,72.07,rain,,58.5,76.22,54.52,74.71
"Natural Gas, Panhandle East, $ per MMBtu-I",2.37,2018-08-23,0.8628899551470398,73.41,81.96,rain,,63.97,78.98,57.74,78.28
"Natural Gas, Panhandle East, $ per MMBtu-I",2.29,2018-08-24,0.8285518175661483,72.8,92.5,rain,,64.18,71.46,69.96,74.39
"Natural Gas, Panhandle East, $ per MMBtu-I",2.33,2018-08-27,0.8458682675776092,76.98,94.7,,,73.91,92.31,72.88,89.15
"Natural Gas, Panhandle East, $ per MMBtu-I",2.35,2018-08-28,0.8544153281560676,61.25,94.99,,,68.57,89.72,73.62,89.45
"Natural Gas, Panhandle East, $ per MMBtu-I",2.34,2018-08-29,0.85015092936961,69.9,81.32,,,62.18,72.39,65.71,85.17
"Natural Gas, Panhandle East, $ per MMBtu-I",2.27,2018-08-30,0.8197798314933114,73.2,85.69,rain,,60.7,70.08,63.17,80.52
"Natural Gas, Panhandle East, $ per MMBtu-I",2.3,2018-08-31,0.8329091229351039,74.28,97.55,,,70.89,84.22,69.4,85.87
"Natural Gas, Panhandle East, $ per MMBtu-I",2.29,2018-09-04,0.8285518175661483,71.61,77.33,rain,,74.54,91.53,72.0,91.48
"Natural Gas, Panhandle East, $ per MMBtu-I",2.26,2018-09-05,0.8153648132841944,68.57,82.35,rain,,66.79,90.14,71.46,91.41
"Natural Gas, Panhandle East, $ per MMBtu-I",2.29,2018-09-06,0.8285518175661483,67.75,70.78,rain,,67.06,68.43,70.84,87.0
"Natural Gas, Panhandle East, $ per MMBtu-I",2.28,2018-09-07,0.8241754429663494,63.41,72.75,rain,,64.16,68.35,62.0,72.92
"Natural Gas, Panhandle East, $ per MMBtu-I",2.26,2018-09-10,0.8153648132841944,57.58,72.74,,,56.14,70.19,54.03,67.36
"Natural Gas, Panhandle East, $ per MMBtu-I",2.27,2018-09-11,0.8197798314933114,61.36,79.79,,,60.02,76.08,55.59,74.6
"Natural Gas, Panhandle East, $ per MMBtu-I",2.24,2018-09-12,0.8064758658669485,68.94,79.31,,,58.13,77.86,60.91,72.68
"Natural Gas, Panhandle East, $ per MMBtu-I",2.13,2018-09-13,0.7561219797213337,68.81,81.84,,,61.67,74.69,62.44,82.6
"Natural Gas, Panhandle East, $ per MMBtu-I",2.02,2018-09-14,0.7030975114131134,66.49,87.59,,,63.73,82.61,64.8,85.9
"Natural Gas, Panhandle East, $ per MMBtu-I",2.1,2018-09-17,0.7419373447293773,70.01,90.73,,,68.98,87.8,67.74,87.95
"Natural Gas, Panhandle East, $ per MMBtu-I",2.11,2018-09-18,0.7466879474879751,72.56,91.93,,,66.46,73.95,69.21,90.15
"Natural Gas, Panhandle East, $ per MMBtu-I",1.89,2018-09-19,0.636576829071551,72.74,92.11,,,67.45,73.01,69.86,89.14
"Natural Gas, Panhandle East, $ per MMBtu-I",1.74,2018-09-20,0.5538851132264376,66.51,91.62,rain,,74.77,91.74,73.76,90.19
"Natural Gas, Panhandle East, $ per MMBtu-I",1.85,2018-09-21,0.6151856390902335,48.54,67.28,rain,,55.06,75.28,57.13,82.1
"Natural Gas, Panhandle East, $ per MMBtu-I",2.06,2018-09-24,0.7227059828014898,64.52,80.31,,,68.54,71.1,70.25,70.59
"Natural Gas, Panhandle East, $ per MMBtu-I",2.27,2018-09-25,0.8197798314933114,48.5,73.45,,,50.5,82.2,62.78,76.39
"Natural Gas, Panhandle East, $ per MMBtu-I",2.18,2018-09-26,0.7793248768009977,45.68,70.58,,,47.97,66.01,53.49,68.84
"Natural Gas, Panhandle East, $ per MMBtu-I",2.06,2018-09-27,0.7227059828014898,51.49,74.27,,,54.17,68.81,48.28,62.62
"Natural Gas, Panhandle East, $ per MMBtu-I",2.04,2018-09-28,0.712949807856125,49.1,64.49,,,41.83,61.28,47.89,72.52
